ID,Male,Age,College,AgeTryCig,CigDays,AgeTryAlc,AlcDays,Drinker,DrinkFreq
1,0,12,0,16,0,16,0,0,0
2,0,48,1,18,0,16,0,0,0
3,1,28,1,15,30,13,0,0,0
4,0,18,0,16,6,14,0,0,0
5,1,16,0,16,0,15,0,0,0
6,1,24,1,17,0,16,4,1,1
7,1,27,1,14,30,13,5,1,1
8,0,34,0,28,0,24,0,0,0
9,1,16,0,16,30,15,1,1,1
10,1,13,0,16,0,15,0,0,0
11,0,17,0,16,0,16,0,0,0
12,1,26,1,15,0,10,0,0,0
13,1,17,0,15,30,16,3,1,1
14,1,30,1,17,0,18,1,1,1
15,1,56,0,19,0,21,0,0,0
16,1,62,0,17,0,18,0,0,0
17,0,32,0,15,7,10,0,0,0
18,0,22,1,17,0,18,0,0,0
19,1,12,0,15,0,14,0,0,0
20,1,36,0,23,11,17,2,1,1
21,0,16,0,16,0,16,0,0,0
22,0,26,0,17,0,17,0,0,0
23,1,31,0,19,0,16,0,0,0
24,0,67,0,20,12,22,0,0,0
25,0,65,0,20,0,21,5,1,1
26,0,29,1,17,0,18,2,1,1
27,1,16,0,15,7,15,0,0,0
28,0,65,0,18,23,21,0,0,0
29,0,25,1,17,0,17,0,0,0
30,0,44,0,14,30,30,0,0,0
31,1,31,0,14,30,25,8,1,2
32,1,14,0,16,0,15,0,0,0
33,0,34,0,16,0,17,0,0,0
34,1,32,1,21,30,18,1,1,1
35,0,39,0,16,0,15,6,1,1
36,1,25,1,16,0,15,4,1,1
37,0,18,0,16,6,13,5,1,1
38,0,77,0,18,30,20,0,0,0
39,0,72,0,19,0,16,0,0,0
40,0,17,0,12,5,12,0,0,0
41,1,63,0,14,0,10,3,1,1
42,0,60,0,19,0,18,0,0,0
43,1,38,1,16,0,12,0,0,0
44,0,85,0,23,0,25,0,0,0
45,0,45,0,18,0,18,0,0,0
46,0,14,0,16,0,16,0,0,0
47,1,20,0,15,8,14,4,1,1
48,1,21,0,18,30,15,6,1,1
49,0,24,0,15,30,18,14,1,2
50,1,77,0,26,30,15,14,1,2
51,1,23,1,17,0,19,4,1,1
52,1,13,0,13,12,12,30,1,2
53,0,26,0,17,0,17,0,0,0
54,0,31,0,17,15,16,4,1,1
55,0,27,1,15,4,16,1,1,1
56,0,31,0,26,0,18,1,1,1
57,1,19,0,16,0,15,0,0,0
58,1,13,0,15,7,11,1,1,1
59,0,39,1,20,1,25,1,1,1
60,1,22,0,17,20,18,2,1,1
61,0,12,0,16,0,16,0,0,0
62,0,21,0,17,0,19,2,1,1
63,1,17,0,13,6,16,2,1,1
64,0,33,0,17,0,18,0,0,0
65,1,19,0,15,5,13,2,1,1
66,1,60,0,12,12,21,1,1,1
67,0,72,0,42,30,21,1,1,1
68,1,34,1,18,20,18,0,0,0
69,0,51,0,19,0,20,0,0,0
70,0,25,0,14,6,14,0,0,0
71,0,12,0,16,0,16,0,0,0
72,0,42,1,18,0,15,0,0,0
73,1,14,0,16,0,15,0,0,0
74,1,25,0,16,1,14,0,0,0
75,0,24,1,17,0,18,2,1,1
76,0,40,1,21,0,16,0,0,0
77,0,65,0,22,0,27,0,0,0
78,1,60,0,15,0,18,0,0,0
79,0,14,0,16,0,16,0,0,0
80,0,14,0,16,0,16,0,0,0
81,1,44,1,18,0,17,0,0,0
82,1,17,0,16,30,15,0,0,0
83,1,47,0,12,0,35,0,0,0
84,0,82,0,21,0,16,3,1,1
85,0,13,0,16,0,16,0,0,0
86,0,28,0,17,0,18,1,1,1
87,1,14,0,16,6,15,0,0,0
88,1,19,1,16,0,16,0,0,0
89,1,22,0,13,30,15,30,1,2
90,0,20,1,16,0,16,0,0,0
91,0,34,0,17,0,18,0,0,0
92,0,25,1,17,0,17,0,0,0
93,0,20,0,17,0,20,0,0,0
94,0,39,0,18,3,22,0,0,0
95,1,51,0,17,0,17,1,1,1
96,1,25,1,20,30,20,2,1,1
97,1,25,1,16,18,18,8,1,2
98,0,19,1,18,30,18,3,1,1
99,0,50,1,18,0,15,0,0,0
100,1,28,0,20,30,18,2,1,1
101,1,34,1,17,30,16,1,1,1
102,1,34,1,20,30,20,2,1,1
103,0,30,1,17,30,20,0,0,0
104,1,49,0,14,14,14,6,1,1
105,0,14,0,15,0,11,2,1,1
106,0,13,0,16,0,16,0,0,0
107,1,15,0,16,0,15,0,0,0
108,0,12,0,16,0,16,0,0,0
109,1,28,0,22,30,22,0,0,0
110,0,68,0,34,30,25,0,0,0
111,0,44,1,19,0,18,1,1,1
112,0,36,1,18,0,18,0,0,0
113,1,47,0,18,0,17,0,0,0
114,0,72,0,21,0,23,0,0,0
115,0,17,0,16,0,16,0,0,0
116,1,46,1,18,0,18,0,0,0
117,1,50,0,21,14,18,20,1,2
118,0,25,1,21,10,16,0,0,0
119,0,25,0,16,6,16,15,1,2
120,1,24,0,15,0,10,0,0,0
121,1,18,0,16,0,15,0,0,0
122,1,29,0,10,30,10,30,1,2
123,1,24,0,17,30,15,4,1,1
124,1,29,0,15,0,10,4,1,1
125,0,18,0,16,0,18,2,1,1
126,1,22,1,10,6,14,5,1,1
127,1,19,0,18,8,15,0,0,0
128,1,45,0,18,30,19,0,0,0
129,0,51,1,18,0,18,0,0,0
130,0,25,0,17,0,19,0,0,0
131,1,24,0,12,30,17,0,0,0
132,1,12,0,16,0,14,0,0,0
133,1,22,1,15,0,10,5,1,1
134,1,13,0,15,7,10,6,1,1
135,1,15,0,10,30,13,3,1,1
136,1,31,1,18,0,21,2,1,1
137,0,18,0,12,30,14,14,1,2
138,0,77,0,21,0,18,4,1,1
139,1,13,0,16,6,15,0,0,0
140,0,22,0,18,30,15,0,0,0
141,1,20,0,19,30,15,0,0,0
142,0,17,0,17,20,13,3,1,1
143,0,27,0,26,30,17,1,1,1
144,0,40,1,18,0,18,0,0,0
145,1,38,0,17,0,17,10,1,2
146,0,16,0,15,0,15,10,1,2
147,1,44,1,19,0,20,2,1,1
148,1,14,0,16,0,15,0,0,0
149,0,16,0,16,4,15,3,1,1
150,0,15,0,16,0,16,0,0,0
151,1,27,0,17,9,18,1,1,1
152,1,27,1,16,0,14,5,1,1
153,0,42,0,18,30,18,1,1,1
154,1,17,0,16,6,15,0,0,0
155,1,17,0,15,7,13,20,1,2
156,1,16,0,16,0,15,0,0,0
157,1,23,1,19,30,10,2,1,1
158,0,23,0,16,5,16,15,1,2
159,0,49,0,16,30,17,0,0,0
160,1,21,1,16,1,14,4,1,1
161,1,14,0,16,0,15,0,0,0
162,0,16,0,16,0,14,0,0,0
163,1,16,0,15,0,10,0,0,0
164,0,40,0,10,30,18,0,0,0
165,0,40,1,19,0,23,0,0,0
166,0,72,0,21,0,23,0,0,0
167,1,63,0,20,10,16,15,1,2
168,1,55,1,25,19,10,30,1,2
169,1,15,0,15,7,13,0,0,0
170,1,35,0,17,0,16,20,1,2
171,0,49,0,34,20,19,0,0,0
172,1,23,1,17,0,18,12,1,2
173,1,52,0,13,0,16,0,0,0
174,0,36,0,17,28,17,0,0,0
175,1,14,0,15,0,15,0,0,0
176,0,20,0,16,0,16,0,0,0
177,0,31,1,16,0,15,0,0,0
178,1,49,1,19,9,21,0,0,0
179,0,50,0,18,0,15,0,0,0
180,1,17,0,16,2,17,1,1,1
181,0,72,1,18,30,18,30,1,2
182,0,72,1,21,0,20,0,0,0
183,0,72,1,17,0,18,30,1,2
184,0,45,0,20,7,25,0,0,0
185,1,67,1,18,0,15,20,1,2
186,1,85,1,18,0,18,30,1,2
187,1,27,0,16,0,12,0,0,0
188,0,32,1,15,30,15,0,0,0
189,1,34,1,17,0,15,10,1,2
190,0,17,0,16,0,16,0,0,0
191,1,18,0,16,1,15,0,0,0
192,0,67,0,20,30,22,0,0,0
193,0,18,0,16,5,17,0,0,0
194,1,20,1,16,0,15,0,0,0
195,0,66,0,20,14,22,0,0,0
196,0,33,0,15,30,16,0,0,0
197,0,25,0,17,30,16,4,1,1
198,0,77,0,22,0,24,0,0,0
199,0,68,1,21,0,22,0,0,0
200,1,12,0,15,0,14,0,0,0
201,1,15,0,16,0,15,0,0,0
202,0,12,0,16,0,16,0,0,0
203,0,34,0,17,0,17,0,0,0
204,1,20,0,16,0,13,0,0,0
205,0,15,0,16,0,16,0,0,0
206,1,18,0,16,7,16,0,0,0
207,0,37,0,17,30,17,3,1,1
208,1,34,0,16,30,16,3,1,1
209,1,14,0,16,0,15,0,0,0
210,0,25,0,18,6,15,0,0,0
211,1,35,1,18,0,19,0,0,0
212,0,24,0,22,30,16,8,1,2
213,0,21,0,17,0,17,1,1,1
214,1,18,0,16,7,15,0,0,0
215,1,15,0,16,0,15,0,0,0
216,0,30,0,21,0,17,2,1,1
217,1,51,1,21,30,20,0,0,0
218,1,16,0,16,0,15,0,0,0
219,1,42,0,13,15,10,10,1,2
220,0,17,0,16,0,17,0,0,0
221,1,24,0,24,11,15,8,1,2
222,0,32,0,17,0,17,0,0,0
223,0,72,0,17,13,21,4,1,1
224,0,12,0,16,0,15,0,0,0
225,1,33,1,16,1,12,30,1,2
226,1,12,0,16,0,14,0,0,0
227,0,34,0,13,30,17,7,1,1
228,1,16,0,16,7,15,0,0,0
229,0,31,0,25,0,12,0,0,0
230,0,63,0,20,0,21,0,0,0
231,0,30,0,18,0,19,0,0,0
232,1,19,0,16,0,15,0,0,0
233,1,28,0,16,0,16,0,0,0
234,0,47,0,18,30,18,4,1,1
235,0,31,0,16,0,14,0,0,0
236,0,52,1,18,30,20,30,1,2
237,0,22,0,16,0,17,0,0,0
238,0,58,1,19,9,17,24,1,2
239,0,44,0,20,0,30,0,0,0
240,0,15,0,16,0,16,0,0,0
241,1,54,1,17,0,16,0,0,0
242,1,13,0,15,0,14,0,0,0
243,1,30,0,19,30,19,4,1,1
244,0,47,0,19,0,19,0,0,0
245,1,17,0,16,30,17,5,1,1
246,1,13,0,16,2,15,0,0,0
247,1,16,0,16,0,15,0,0,0
248,0,12,0,16,1,16,0,0,0
249,1,54,0,17,0,14,0,0,0
250,0,25,0,17,12,18,0,0,0
251,0,26,1,23,30,18,2,1,1
252,0,31,0,18,30,22,8,1,2
253,0,25,0,18,0,21,0,0,0
254,0,58,0,15,0,30,0,0,0
255,0,40,0,18,0,18,2,1,1
256,1,14,0,16,0,15,0,0,0
257,1,19,0,16,30,16,0,0,0
258,1,14,0,16,0,15,0,0,0
259,0,24,0,17,0,19,2,1,1
260,1,26,0,16,0,15,0,0,0
261,0,59,0,20,0,20,3,1,1
262,0,22,1,17,0,17,0,0,0
263,0,14,0,16,0,16,0,0,0
264,1,16,0,16,0,13,0,0,0
265,0,19,0,16,30,12,2,1,1
266,0,25,1,17,0,16,1,1,1
267,0,19,0,17,20,18,0,0,0
268,0,43,0,18,0,19,0,0,0
269,1,32,0,16,0,14,0,0,0
270,0,14,0,15,0,10,0,0,0
271,1,47,1,18,0,16,7,1,1
272,0,35,1,17,0,16,2,1,1
273,0,22,1,16,0,16,0,0,0
274,0,19,0,18,15,12,0,0,0
275,1,18,0,16,15,15,15,1,2
276,1,47,0,19,0,19,0,0,0
277,0,33,0,17,10,16,30,1,2
278,0,48,1,19,6,20,5,1,1
279,1,17,0,16,7,15,0,0,0
280,0,24,1,17,0,17,0,0,0
281,0,19,0,16,0,16,0,0,0
282,1,24,0,21,7,20,0,0,0
283,1,21,0,16,1,14,1,1,1
284,0,25,0,17,6,17,0,0,0
285,0,30,1,13,30,15,30,1,2
286,1,18,0,16,13,14,0,0,0
287,0,33,0,19,30,18,0,0,0
288,0,32,1,17,0,17,0,0,0
289,0,56,0,21,0,21,0,0,0
290,1,32,0,17,0,18,0,0,0
291,1,14,0,16,0,15,0,0,0
292,0,27,0,17,0,19,1,1,1
293,0,19,0,16,0,16,0,0,0
294,0,20,0,16,30,18,5,1,1
295,0,23,0,17,0,17,0,0,0
296,0,28,0,20,30,17,2,1,1
297,1,22,0,16,0,15,5,1,1
298,0,34,1,18,0,21,0,0,0
299,1,18,0,16,0,15,0,0,0
300,0,19,0,17,30,16,16,1,2
301,0,30,1,17,0,17,0,0,0
302,0,39,0,19,30,18,2,1,1
303,1,40,0,14,3,17,15,1,2
304,1,36,0,13,0,15,0,0,0
305,0,25,1,15,30,15,0,0,0
306,0,30,0,18,0,21,1,1,1
307,1,16,0,16,0,15,0,0,0
308,1,54,1,18,0,16,4,1,1
309,1,47,0,18,0,17,0,0,0
310,0,29,0,18,0,21,1,1,1
311,1,22,0,19,30,18,0,0,0
312,0,13,0,16,0,16,0,0,0
313,1,19,1,16,0,16,1,1,1
314,0,15,0,16,0,16,0,0,0
315,0,72,0,31,0,22,0,0,0
316,0,18,0,16,0,16,0,0,0
317,0,23,1,17,0,18,0,0,0
318,0,26,0,17,0,17,0,0,0
319,0,16,0,16,0,16,0,0,0
320,0,22,1,18,0,20,0,0,0
321,0,18,0,16,0,16,0,0,0
322,1,14,0,15,3,12,0,0,0
323,0,21,0,16,30,15,0,0,0
324,0,66,0,20,0,22,0,0,0
325,0,21,1,17,0,16,0,0,0
326,0,16,0,14,30,16,0,0,0
327,0,34,0,18,0,21,1,1,1
328,1,14,0,16,0,15,0,0,0
329,1,28,0,16,30,16,2,1,1
330,0,23,0,14,0,16,0,0,0
331,1,27,1,16,0,16,0,0,0
332,0,72,0,22,0,23,0,0,0
333,1,24,0,15,30,15,0,0,0
334,0,28,1,17,0,16,0,0,0
335,1,16,0,16,0,15,0,0,0
336,1,21,1,17,0,21,3,1,1
337,1,34,1,16,30,16,0,0,0
338,0,34,0,17,0,17,0,0,0
339,0,16,0,16,20,15,15,1,2
340,1,23,0,16,30,13,0,0,0
341,1,23,0,19,30,16,0,0,0
342,1,18,0,18,30,15,4,1,1
343,1,17,0,16,0,12,0,0,0
344,0,46,1,19,0,18,4,1,1
345,0,50,1,19,0,17,0,0,0
346,0,30,1,18,0,19,0,0,0
347,0,19,0,17,4,18,0,0,0
348,1,17,0,16,0,15,0,0,0
349,1,16,0,16,0,15,0,0,0
350,0,72,0,21,0,23,0,0,0
351,1,12,0,16,6,15,0,0,0
352,0,17,0,16,4,16,0,0,0
353,1,66,1,15,0,15,0,0,0
354,0,14,0,16,0,16,0,0,0
355,1,20,0,15,8,15,25,1,2
356,1,33,1,18,0,18,0,0,0
357,1,18,0,16,8,15,0,0,0
358,1,19,0,16,9,15,0,0,0
359,0,19,1,17,30,19,0,0,0
360,1,17,0,15,0,11,0,0,0
361,0,14,0,16,0,16,0,0,0
362,0,24,0,17,6,17,3,1,1
363,0,33,1,25,28,18,0,0,0
364,0,19,0,16,0,16,0,0,0
365,1,26,0,20,30,16,10,1,2
366,1,24,0,24,30,14,7,1,1
367,0,34,0,17,0,18,0,0,0
368,1,61,0,19,0,19,0,0,0
369,0,23,0,17,0,20,2,1,1
370,0,25,1,18,0,21,0,0,0
371,1,22,0,20,10,13,1,1,1
372,0,15,0,16,0,16,0,0,0
373,0,26,0,17,0,17,0,0,0
374,0,28,1,18,0,18,2,1,1
375,0,23,0,15,5,10,5,1,1
376,0,15,0,16,0,16,0,0,0
377,0,77,0,17,14,22,0,0,0
378,1,24,1,17,0,19,0,0,0
379,1,19,0,16,7,15,0,0,0
380,1,38,0,18,7,17,10,1,2
381,0,21,1,20,4,17,9,1,2
382,0,13,0,16,0,16,0,0,0
383,1,12,0,16,0,14,0,0,0
384,1,34,0,17,0,19,20,1,2
385,1,35,1,17,0,14,2,1,1
386,1,47,1,19,1,16,0,0,0
387,0,32,1,18,0,17,0,0,0
388,0,20,0,16,0,16,0,0,0
389,1,12,0,15,0,14,0,0,0
390,1,21,1,13,30,16,5,1,1
391,1,13,0,15,0,14,0,0,0
392,1,16,0,15,0,13,2,1,1
393,0,16,0,16,29,15,3,1,1
394,1,22,1,17,0,19,1,1,1
395,1,17,0,13,0,13,0,0,0
396,0,68,1,15,0,20,0,0,0
397,0,39,0,12,0,20,0,0,0
398,0,28,0,17,0,17,0,0,0
399,0,23,1,16,30,14,1,1,1
400,1,41,0,17,30,17,1,1,1
401,0,53,0,21,0,28,0,0,0
402,1,12,0,16,0,14,0,0,0
403,1,13,0,16,0,15,0,0,0
404,1,14,0,16,0,15,0,0,0
405,1,17,0,13,1,15,3,1,1
406,0,34,0,17,0,18,0,0,0
407,1,64,0,18,0,15,1,1,1
408,1,42,0,17,0,17,0,0,0
409,0,56,0,20,0,21,0,0,0
410,1,50,1,18,0,17,0,0,0
411,0,43,1,17,0,14,0,0,0
412,1,13,0,16,0,14,0,0,0
413,0,22,0,17,0,21,0,0,0
414,1,15,0,16,0,15,0,0,0
415,0,57,1,20,0,20,0,0,0
416,0,33,0,19,0,24,0,0,0
417,1,16,0,15,0,10,4,1,1
418,0,56,0,20,0,24,0,0,0
419,0,15,0,16,0,14,0,0,0
420,0,15,0,16,0,16,0,0,0
421,0,52,0,17,0,16,0,0,0
422,1,54,0,14,15,16,12,1,2
423,0,13,0,16,5,13,0,0,0
424,1,15,0,15,7,11,2,1,1
425,0,62,0,22,0,22,0,0,0
426,0,45,1,25,0,12,30,1,2
427,0,42,1,17,0,12,1,1,1
428,1,32,0,25,0,17,0,0,0
429,0,77,0,20,0,10,1,1,1
430,0,82,0,23,0,25,0,0,0
431,0,77,0,21,0,20,0,0,0
432,1,33,0,17,0,15,25,1,2
433,0,32,0,13,0,13,1,1,1
434,0,49,1,20,0,22,3,1,1
435,1,62,1,19,0,17,9,1,2
436,0,13,0,16,0,16,0,0,0
437,0,14,0,16,0,16,0,0,0
438,0,82,0,23,0,25,0,0,0
439,1,21,0,13,0,16,0,0,0
440,1,22,0,16,8,15,0,0,0
441,0,37,0,17,0,15,0,0,0
442,1,35,0,17,10,16,8,1,2
443,0,12,0,16,4,16,0,0,0
444,0,18,1,16,2,16,2,1,1
445,1,77,0,21,0,21,0,0,0
446,1,58,0,18,30,18,15,1,2
447,1,17,0,16,0,15,0,0,0
448,0,20,0,16,15,16,0,0,0
449,1,16,0,16,0,15,0,0,0
450,0,20,1,17,0,18,0,0,0
451,0,21,0,16,0,17,0,0,0
452,0,20,0,17,0,15,4,1,1
453,0,34,0,18,0,18,0,0,0
454,0,12,0,16,0,16,0,0,0
455,1,44,1,18,0,17,1,1,1
456,0,12,0,16,0,16,0,0,0
457,1,14,0,16,0,15,0,0,0
458,0,13,0,11,6,15,0,0,0
459,0,22,1,17,0,16,0,0,0
460,0,17,0,10,0,12,3,1,1
461,0,24,0,18,0,21,0,0,0
462,1,29,1,16,7,12,12,1,2
463,1,46,1,18,10,15,0,0,0
464,0,12,0,16,0,16,0,0,0
465,0,12,0,16,0,16,0,0,0
466,1,15,0,12,30,14,0,0,0
467,1,27,0,16,0,16,0,0,0
468,1,18,0,15,0,13,0,0,0
469,0,14,0,15,13,11,10,1,2
470,1,69,1,23,30,17,4,1,1
471,0,17,0,16,0,14,0,0,0
472,0,34,0,16,7,15,6,1,1
473,0,15,0,10,5,10,0,0,0
474,0,22,0,17,0,17,0,0,0
475,1,48,0,16,0,18,15,1,2
476,0,15,0,16,0,16,0,0,0
477,0,16,0,16,1,16,0,0,0
478,1,15,0,15,7,13,1,1,1
479,0,12,0,16,4,16,0,0,0
480,1,28,1,18,30,13,4,1,1
481,1,17,0,13,30,13,25,1,2
482,0,27,0,18,0,11,0,0,0
483,1,12,0,16,0,14,0,0,0
484,1,37,0,18,20,18,5,1,1
485,1,47,1,18,0,18,0,0,0
486,1,57,0,15,16,15,1,1,1
487,0,29,1,16,4,16,10,1,2
488,1,29,0,16,30,16,2,1,1
489,0,17,0,16,0,16,0,0,0
490,0,12,0,16,0,16,0,0,0
491,0,33,1,18,0,12,0,0,0
492,0,47,1,19,0,19,0,0,0
493,1,26,0,16,0,16,0,0,0
494,0,27,0,17,15,16,4,1,1
495,1,30,0,13,30,10,0,0,0
496,0,52,1,20,0,18,6,1,1
497,1,28,1,18,30,16,1,1,1
498,1,16,0,16,0,15,8,1,2
499,0,17,0,16,0,14,0,0,0
500,0,18,0,16,0,16,0,0,0
501,1,15,0,14,6,13,0,0,0
502,0,52,1,19,0,19,0,0,0
503,0,17,0,16,0,16,0,0,0
504,0,72,0,18,0,22,0,0,0
505,0,48,1,20,0,17,30,1,2
506,0,26,0,17,0,17,0,0,0
507,0,63,0,14,15,14,0,0,0
508,0,33,1,18,0,19,0,0,0
509,0,30,1,18,0,18,2,1,1
510,1,14,0,15,0,12,0,0,0
511,0,21,0,14,5,16,5,1,1
512,0,47,1,23,30,16,8,1,2
513,1,17,0,16,15,15,4,1,1
514,0,48,1,18,0,16,6,1,1
515,0,44,1,18,0,18,3,1,1
516,0,30,1,18,0,19,0,0,0
517,0,85,1,24,13,25,3,1,1
518,0,15,0,16,0,16,0,0,0
519,0,37,0,17,30,18,0,0,0
520,0,29,1,19,5,17,2,1,1
521,1,13,0,16,0,14,0,0,0
522,0,18,0,16,0,15,0,0,0
523,1,31,0,16,30,17,1,1,1
524,0,17,0,16,0,17,3,1,1
525,0,50,1,19,0,18,7,1,1
526,1,26,1,18,0,21,0,0,0
527,1,20,1,17,5,17,0,0,0
528,0,21,1,18,30,17,15,1,2
529,1,85,0,19,0,12,0,0,0
530,0,23,1,16,0,12,4,1,1
531,1,23,1,16,0,13,12,1,2
532,0,21,1,17,4,17,0,0,0
533,0,20,1,17,0,16,0,0,0
534,0,12,0,16,0,16,0,0,0
535,1,17,0,14,30,13,15,1,2
536,1,67,0,17,18,19,4,1,1
537,0,77,0,21,0,18,0,0,0
538,0,27,1,19,4,17,4,1,1
539,1,20,1,16,0,16,0,0,0
540,0,33,0,17,30,20,0,0,0
541,1,27,0,16,30,16,2,1,1
542,1,15,0,15,15,14,3,1,1
543,1,62,1,20,0,18,3,1,1
544,1,47,0,15,13,15,4,1,1
545,1,44,1,18,0,17,0,0,0
546,0,51,1,20,0,21,3,1,1
547,1,36,0,18,30,15,30,1,2
548,0,32,0,18,0,23,1,1,1
549,1,32,1,17,0,15,3,1,1
550,1,15,0,16,0,15,0,0,0
551,1,23,0,16,0,15,0,0,0
552,1,43,0,18,0,18,6,1,1
553,0,45,0,19,0,20,0,0,0
554,0,37,0,17,0,16,0,0,0
555,0,48,0,20,0,25,0,0,0
556,1,68,0,20,0,21,0,0,0
557,0,77,0,22,0,24,0,0,0
558,0,29,0,16,30,16,0,0,0
559,0,34,1,31,30,18,3,1,1
560,1,16,0,15,30,16,0,0,0
561,1,51,0,13,0,14,0,0,0
562,1,35,0,16,30,17,0,0,0
563,0,23,1,17,4,16,0,0,0
564,1,14,0,13,6,13,0,0,0
565,1,49,0,18,0,16,0,0,0
566,0,25,1,20,0,18,0,0,0
567,1,16,0,15,0,12,0,0,0
568,0,30,0,13,30,16,0,0,0
569,0,17,0,15,4,14,4,1,1
570,0,14,0,16,0,16,0,0,0
571,0,17,0,16,0,16,0,0,0
572,1,37,0,17,0,17,0,0,0
573,0,24,1,16,0,13,0,0,0
574,0,50,0,30,30,18,0,0,0
575,1,14,0,16,0,15,0,0,0
576,0,33,1,18,0,17,0,0,0
577,0,32,1,17,0,17,0,0,0
578,1,34,1,18,10,18,0,0,0
579,1,31,1,17,0,16,0,0,0
580,1,25,1,17,5,15,0,0,0
581,0,55,0,21,30,20,0,0,0
582,0,46,0,13,0,13,1,1,1
583,1,67,0,19,0,10,0,0,0
584,0,38,0,16,7,18,0,0,0
585,0,17,0,16,4,16,0,0,0
586,0,13,0,15,0,10,0,0,0
587,0,20,1,20,4,20,3,1,1
588,0,12,0,16,0,16,0,0,0
589,1,47,1,17,30,14,0,0,0
590,0,28,1,17,0,15,5,1,1
591,0,27,0,17,0,17,0,0,0
592,0,19,0,16,20,16,0,0,0
593,0,40,1,21,1,38,1,1,1
594,1,16,0,15,3,12,2,1,1
595,0,14,0,16,0,16,0,0,0
596,1,35,0,13,30,15,9,1,2
597,0,36,0,17,0,14,1,1,1
598,0,39,0,14,30,28,0,0,0
599,1,30,1,18,10,20,1,1,1
600,1,13,0,16,0,15,0,0,0
601,0,22,0,17,0,16,0,0,0
602,1,23,0,17,0,19,0,0,0
603,0,15,0,14,0,11,0,0,0
604,0,18,0,16,0,17,3,1,1
605,0,15,0,16,0,16,0,0,0
606,0,18,0,16,0,16,0,0,0
607,1,49,1,18,0,16,0,0,0
608,1,19,0,16,0,15,0,0,0
609,0,23,0,17,1,17,0,0,0
610,0,23,0,17,0,17,0,0,0
611,0,29,1,19,0,24,2,1,1
612,1,58,0,28,0,14,3,1,1
613,0,29,1,17,0,17,0,0,0
614,1,27,0,23,30,21,2,1,1
615,0,37,0,17,0,15,0,0,0
616,1,13,0,16,6,14,0,0,0
617,1,19,0,16,7,15,0,0,0
618,1,13,0,16,0,15,0,0,0
619,0,23,1,17,4,14,10,1,2
620,0,12,0,16,0,16,0,0,0
621,1,24,1,22,15,16,0,0,0
622,0,20,0,17,0,19,0,0,0
623,0,72,0,21,0,23,0,0,0
624,0,25,0,23,1,20,4,1,1
625,0,17,0,16,0,16,0,0,0
626,1,12,0,16,0,15,0,0,0
627,0,57,0,23,0,44,0,0,0
628,0,31,0,19,0,27,0,0,0
629,1,28,0,18,1,21,6,1,1
630,1,33,0,17,0,16,2,1,1
631,1,27,0,16,3,15,0,0,0
632,0,12,0,15,0,10,0,0,0
633,0,14,0,13,11,11,11,1,2
634,0,15,0,16,0,16,0,0,0
635,1,13,0,16,0,15,0,0,0
636,1,15,0,16,0,15,0,0,0
637,0,25,0,17,0,17,0,0,0
638,0,14,0,16,0,16,0,0,0
639,0,69,0,24,0,40,0,0,0
640,1,20,0,17,0,18,0,0,0
641,1,23,1,17,4,15,6,1,1
642,0,18,0,16,5,17,0,0,0
643,1,13,0,16,0,14,0,0,0
644,1,28,0,16,0,15,0,0,0
645,1,47,0,15,30,15,0,0,0
646,1,15,0,16,0,15,0,0,0
647,0,14,0,16,0,16,0,0,0
648,0,72,0,13,9,27,0,0,0
649,1,23,0,17,0,17,3,1,1
650,1,27,0,18,0,22,0,0,0
651,0,15,0,16,0,14,0,0,0
652,1,51,0,15,0,18,0,0,0
653,0,15,0,16,0,15,0,0,0
654,0,15,0,15,12,13,11,1,2
655,1,24,0,17,0,18,0,0,0
656,0,18,0,16,0,16,0,0,0
657,0,14,0,16,0,16,0,0,0
658,0,12,0,16,0,15,0,0,0
659,0,23,0,17,0,16,0,0,0
660,0,30,1,17,0,16,0,0,0
661,1,16,0,16,0,15,0,0,0
662,0,15,0,16,0,14,2,1,1
663,1,85,0,23,0,27,0,0,0
664,0,30,0,17,0,17,0,0,0
665,0,17,0,16,0,16,0,0,0
666,0,17,0,16,0,16,0,0,0
667,1,13,0,16,0,14,0,0,0
668,1,22,0,16,0,15,0,0,0
669,0,13,0,16,0,13,1,1,1
670,0,30,0,17,0,17,0,0,0
671,1,17,0,12,30,11,3,1,1
672,1,15,0,15,7,10,10,1,2
673,1,14,0,16,0,15,0,0,0
674,1,19,0,17,0,19,0,0,0
675,0,21,0,19,30,17,0,0,0
676,1,42,0,17,0,16,4,1,1
677,0,33,0,20,0,20,0,0,0
678,0,52,0,19,0,20,0,0,0
679,1,30,0,22,0,16,2,1,1
680,1,24,1,20,2,15,2,1,1
681,0,34,0,19,0,25,0,0,0
682,1,21,0,21,11,10,20,1,2
683,1,25,0,19,3,19,1,1,1
684,1,35,0,18,30,12,5,1,1
685,0,14,0,16,4,16,0,0,0
686,0,16,0,16,0,15,0,0,0
687,1,17,0,16,6,17,2,1,1
688,1,13,0,16,0,14,0,0,0
689,1,33,0,17,0,17,6,1,1
690,0,32,0,26,1,21,0,0,0
691,0,12,0,16,0,16,0,0,0
692,1,35,1,17,0,16,6,1,1
693,0,34,0,18,5,23,0,0,0
694,1,30,0,17,8,18,4,1,1
695,0,14,0,16,4,16,0,0,0
696,1,18,0,16,7,16,20,1,2
697,1,42,0,18,7,13,0,0,0
698,1,19,1,16,0,15,3,1,1
699,0,15,0,16,0,13,0,0,0
700,0,25,0,17,0,17,0,0,0
701,0,16,0,16,4,15,1,1,1
702,1,54,0,18,0,18,0,0,0
703,0,65,1,21,0,21,0,0,0
704,0,40,0,18,0,18,0,0,0
705,0,14,0,16,0,16,0,0,0
706,0,43,1,19,0,17,2,1,1
707,0,42,0,18,0,17,0,0,0
708,1,20,0,16,0,15,0,0,0
709,1,19,1,15,0,11,0,0,0
710,1,22,1,16,0,15,0,0,0
711,0,26,0,17,0,17,0,0,0
712,0,19,1,16,0,16,0,0,0
713,1,12,0,16,0,14,0,0,0
714,0,35,0,18,0,18,0,0,0
715,1,53,1,10,0,15,0,0,0
716,0,19,0,16,0,16,0,0,0
717,0,32,1,18,4,18,0,0,0
718,0,24,0,22,30,16,3,1,1
719,0,59,0,21,0,28,1,1,1
720,0,53,0,16,0,17,0,0,0
721,1,53,0,14,30,17,0,0,0
722,0,58,0,20,0,21,0,0,0
723,1,50,0,17,18,11,0,0,0
724,0,48,0,21,0,30,0,0,0
725,0,42,1,18,0,18,0,0,0
726,1,62,0,19,18,19,7,1,1
727,0,21,0,16,0,13,0,0,0
728,1,17,0,16,6,16,10,1,2
729,1,38,0,17,0,16,0,0,0
730,0,20,1,17,0,16,0,0,0
731,1,21,1,18,0,21,0,0,0
732,0,62,0,20,0,20,0,0,0
733,1,18,0,16,0,15,0,0,0
734,1,13,0,16,0,14,0,0,0
735,1,16,0,13,29,15,6,1,1
736,1,29,0,15,0,10,0,0,0
737,0,26,0,17,0,16,0,0,0
738,1,37,1,15,0,15,30,1,2
739,1,26,0,17,0,20,1,1,1
740,1,27,0,17,0,17,0,0,0
741,1,38,1,18,0,18,0,0,0
742,0,23,1,17,0,16,0,0,0
743,1,32,0,23,30,18,0,0,0
744,0,13,0,16,4,16,0,0,0
745,1,35,1,18,0,19,6,1,1
746,0,32,1,18,0,19,0,0,0
747,1,13,0,16,0,14,0,0,0
748,0,26,1,17,0,17,0,0,0
749,0,25,0,17,5,19,0,0,0
750,0,22,0,17,0,20,0,0,0
751,1,52,0,40,30,15,22,1,2
752,1,47,0,19,0,21,0,0,0
753,1,20,1,16,5,16,0,0,0
754,0,12,0,16,4,16,0,0,0
755,1,47,1,19,0,20,0,0,0
756,1,26,0,16,0,16,0,0,0
757,0,22,1,17,0,16,0,0,0
758,0,24,1,17,0,16,0,0,0
759,1,32,0,17,2,17,10,1,2
760,1,43,0,18,16,10,8,1,2
761,1,33,1,18,0,18,20,1,2
762,0,22,0,16,0,14,0,0,0
763,0,17,0,16,0,16,0,0,0
764,0,30,0,17,0,17,0,0,0
765,0,25,0,17,0,17,0,0,0
766,0,16,0,15,0,11,0,0,0
767,0,39,0,18,0,18,0,0,0
768,1,30,1,17,0,16,0,0,0
769,1,21,0,17,0,21,0,0,0
770,1,62,0,12,5,12,0,0,0
771,1,48,0,20,0,18,4,1,1
772,0,32,0,19,0,26,1,1,1
773,1,53,0,18,0,15,8,1,2
774,0,13,0,16,4,16,0,0,0
775,1,25,0,16,0,14,0,0,0
776,0,26,0,17,0,18,0,0,0
777,0,32,0,18,0,19,1,1,1
778,1,16,0,16,0,15,0,0,0
779,0,17,0,16,0,16,0,0,0
780,0,23,0,17,0,20,0,0,0
781,0,18,0,16,0,16,0,0,0
782,1,13,0,16,0,14,0,0,0
783,1,18,0,16,8,15,0,0,0
784,1,19,0,16,7,15,0,0,0
785,1,34,0,19,0,27,8,1,2
786,0,35,0,15,15,16,1,1,1
787,1,37,1,17,0,16,0,0,0
788,1,33,0,17,10,16,0,0,0
789,1,30,0,17,0,17,4,1,1
790,0,18,0,16,0,16,0,0,0
791,0,17,0,16,0,16,0,0,0
792,0,22,0,16,0,16,0,0,0
793,1,20,1,17,0,17,0,0,0
794,1,13,0,16,0,15,0,0,0
795,1,25,0,17,0,18,1,1,1
796,0,13,0,15,0,12,1,1,1
797,0,29,0,18,5,23,0,0,0
798,0,28,0,15,0,10,0,0,0
799,0,23,1,17,4,17,2,1,1
800,1,15,0,16,0,15,0,0,0
801,0,17,0,16,0,16,0,0,0
802,0,25,0,17,0,18,0,0,0
803,0,45,0,20,9,18,1,1,1
804,0,13,0,15,0,12,1,1,1
805,1,22,1,17,5,18,1,1,1
806,1,36,0,26,30,16,15,1,2
807,1,40,0,28,20,28,0,0,0
808,0,30,0,15,4,28,0,0,0
809,0,28,0,17,0,17,0,0,0
810,0,22,0,17,0,17,0,0,0
811,0,47,1,20,0,18,0,0,0
812,1,21,0,17,0,18,2,1,1
813,1,18,0,17,23,10,3,1,1
814,1,28,0,17,0,16,0,0,0
815,0,15,0,16,0,16,0,0,0
816,0,32,0,23,0,15,0,0,0
817,1,29,0,17,0,18,0,0,0
818,1,18,0,15,0,12,25,1,2
819,1,14,0,16,0,15,0,0,0
820,0,15,0,16,4,14,0,0,0
821,1,20,1,16,6,15,0,0,0
822,0,21,0,16,0,15,0,0,0
823,1,31,0,17,30,16,0,0,0
824,1,29,0,16,7,15,2,1,1
825,0,13,0,16,0,16,0,0,0
826,0,44,0,18,0,19,1,1,1
827,1,54,0,18,0,18,0,0,0
828,0,25,1,13,20,16,0,0,0
829,1,26,1,18,5,21,0,0,0
830,0,24,0,17,0,17,0,0,0
831,1,23,0,13,30,10,8,1,2
832,1,17,0,16,0,16,0,0,0
833,1,17,0,16,2,15,0,0,0
834,1,19,1,16,0,14,2,1,1
835,0,34,0,18,6,20,0,0,0
836,0,49,0,20,0,30,1,1,1
837,0,29,0,17,6,17,0,0,0
838,1,19,0,16,0,15,0,0,0
839,1,24,0,10,0,18,0,0,0
840,0,38,1,21,0,38,1,1,1
841,1,22,0,16,0,14,0,0,0
842,1,20,0,16,8,15,0,0,0
843,0,12,0,15,0,10,0,0,0
844,0,50,0,19,0,20,0,0,0
845,0,62,0,20,0,21,0,0,0
846,1,45,1,17,0,12,0,0,0
847,1,24,1,17,5,20,3,1,1
848,0,31,1,16,0,13,2,1,1
849,1,23,1,17,0,21,2,1,1
850,0,51,1,13,30,13,20,1,2
851,1,13,0,16,0,15,0,0,0
852,0,49,1,19,7,19,0,0,0
853,0,19,1,17,0,16,0,0,0
854,0,51,0,19,0,18,0,0,0
855,1,18,0,17,8,16,8,1,2
856,0,60,0,19,0,18,0,0,0
857,1,18,1,17,0,18,0,0,0
858,0,26,0,18,0,25,1,1,1
859,1,82,0,21,0,20,10,1,2
860,0,21,1,17,0,21,1,1,1
861,1,36,0,17,0,16,0,0,0
862,1,12,0,15,1,12,0,0,0
863,0,29,1,18,0,18,0,0,0
864,0,19,0,16,0,16,2,1,1
865,1,35,0,17,0,16,0,0,0
866,1,32,1,17,30,17,6,1,1
867,0,72,1,23,7,30,0,0,0
868,0,30,1,17,0,16,10,1,2
869,1,25,0,16,0,15,4,1,1
870,0,77,0,22,0,21,1,1,1
871,1,31,0,18,0,20,1,1,1
872,1,12,0,16,0,14,0,0,0
873,0,34,1,17,0,14,2,1,1
874,1,16,0,16,6,15,0,0,0
875,0,21,1,16,0,16,4,1,1
876,1,22,1,17,0,20,0,0,0
877,1,57,0,19,0,18,0,0,0
878,0,16,0,16,0,16,0,0,0
879,1,16,0,13,7,11,9,1,2
880,0,68,0,22,0,18,4,1,1
881,0,39,0,21,8,18,0,0,0
882,1,15,0,15,0,12,1,1,1
883,0,25,0,17,0,17,0,0,0
884,1,32,1,18,0,22,4,1,1
885,0,12,0,16,0,16,0,0,0
886,0,34,1,18,0,18,0,0,0
887,0,34,0,10,1,11,3,1,1
888,0,82,0,22,19,21,5,1,1
889,0,32,0,12,2,15,4,1,1
890,0,19,1,17,0,17,0,0,0
891,0,37,0,16,30,18,2,1,1
892,0,23,1,18,0,22,3,1,1
893,1,16,0,12,30,15,0,0,0
894,0,31,0,18,0,21,0,0,0
895,1,35,0,17,0,16,0,0,0
896,1,19,0,16,0,15,0,0,0
897,0,54,0,20,0,23,2,1,1
898,0,33,0,17,0,18,1,1,1
899,1,20,0,18,30,10,0,0,0
900,1,29,0,12,7,15,0,0,0
901,0,28,1,17,0,14,10,1,2
902,1,25,1,17,0,16,1,1,1
903,1,19,0,16,0,15,0,0,0
904,1,18,0,16,0,15,0,0,0
905,0,46,1,19,0,22,0,0,0
906,1,46,1,16,0,10,4,1,1
907,1,25,1,16,0,11,2,1,1
908,1,29,1,17,0,19,4,1,1
909,0,20,1,20,18,18,1,1,1
910,0,12,0,15,4,11,0,0,0
911,1,13,0,16,0,15,0,0,0
912,0,33,1,18,0,18,0,0,0
913,0,33,1,17,0,16,5,1,1
914,0,47,0,19,0,19,0,0,0
915,0,30,1,17,0,15,0,0,0
916,0,57,0,30,30,30,20,1,2
917,0,22,0,17,0,18,0,0,0
918,1,12,0,15,0,14,0,0,0
919,1,27,1,16,0,14,6,1,1
920,1,13,0,16,0,15,0,0,0
921,1,46,0,19,0,21,3,1,1
922,0,17,0,15,0,12,3,1,1
923,0,67,0,22,10,30,1,1,1
924,1,77,0,17,0,20,1,1,1
925,1,17,0,16,7,15,0,0,0
926,0,65,1,20,30,10,0,0,0
927,0,36,1,19,0,23,0,0,0
928,1,26,1,17,0,19,15,1,2
929,0,24,1,15,21,10,5,1,1
930,0,23,1,19,29,15,0,0,0
931,0,38,0,16,30,15,6,1,1
932,0,17,0,17,0,17,0,0,0
933,0,40,0,20,30,18,4,1,1
934,1,31,0,13,10,16,5,1,1
935,0,25,1,16,30,16,0,0,0
936,1,29,1,17,0,16,5,1,1
937,1,17,0,16,7,15,0,0,0
938,0,29,1,17,0,16,0,0,0
939,1,36,0,18,30,16,0,0,0
940,0,62,0,18,30,18,4,1,1
941,0,27,1,16,0,13,12,1,2
942,1,36,0,15,10,15,18,1,2
943,1,22,0,16,0,15,0,0,0
944,0,29,1,19,0,24,0,0,0
945,0,66,0,14,0,18,0,0,0
946,1,41,1,18,0,16,0,0,0
947,0,19,0,16,0,13,0,0,0
948,0,29,1,17,4,18,0,0,0
949,0,34,1,18,0,17,3,1,1
950,0,21,1,16,5,15,0,0,0
951,1,14,0,16,0,15,0,0,0
952,0,34,0,15,30,17,0,0,0
953,1,25,0,16,0,15,1,1,1
954,0,29,0,17,0,17,0,0,0
955,0,17,0,16,0,14,6,1,1
956,1,24,1,20,30,19,6,1,1
957,0,39,0,20,8,19,0,0,0
958,0,28,1,18,0,20,0,0,0
959,0,22,0,16,5,16,0,0,0
960,1,39,1,18,0,20,0,0,0
961,1,20,0,15,30,16,0,0,0
962,1,23,1,17,30,13,29,1,2
963,0,77,1,22,0,21,10,1,2
964,0,72,0,17,30,15,0,0,0
965,1,16,0,16,0,16,1,1,1
966,1,30,1,18,0,19,0,0,0
967,0,82,0,18,18,18,4,1,1
968,0,22,0,21,1,16,4,1,1
969,0,27,1,17,0,16,3,1,1
970,0,43,0,16,0,17,10,1,2
971,1,61,1,19,19,10,8,1,2
972,0,29,0,15,5,20,0,0,0
973,0,31,1,28,0,15,0,0,0
974,0,67,1,22,0,24,0,0,0
975,0,24,1,18,0,23,1,1,1
976,0,24,0,18,20,17,7,1,1
977,0,53,0,20,20,32,0,0,0
978,0,14,0,16,0,16,0,0,0
979,1,12,0,16,0,15,0,0,0
980,0,12,0,16,0,16,0,0,0
981,1,26,0,16,27,17,5,1,1
982,0,39,1,18,0,18,0,0,0
983,0,21,1,19,30,16,1,1,1
984,1,23,1,16,30,14,0,0,0
985,1,22,1,16,30,19,5,1,1
986,1,28,1,18,0,20,3,1,1
987,0,38,1,18,30,14,0,0,0
988,0,25,0,16,6,15,0,0,0
989,0,43,1,19,0,20,5,1,1
990,0,17,0,14,4,16,3,1,1
991,1,19,0,14,30,15,5,1,1
992,0,13,0,16,0,16,0,0,0
993,0,20,0,13,20,15,1,1,1
994,0,35,0,14,7,15,28,1,2
995,0,31,0,17,0,17,0,0,0
996,0,25,1,17,4,17,0,0,0
997,1,15,0,16,0,15,0,0,0
998,1,43,0,17,0,15,2,1,1
999,1,25,0,16,0,13,4,1,1
1000,0,21,1,16,0,14,1,1,1
1001,0,18,0,16,0,16,0,0,0
1002,0,52,0,15,0,16,0,0,0
1003,0,21,1,18,0,21,0,0,0
1004,0,48,0,19,0,21,0,0,0
1005,1,44,1,19,0,22,5,1,1
1006,0,22,1,17,0,17,0,0,0
1007,1,35,0,17,0,18,3,1,1
1008,1,25,1,19,30,16,0,0,0
1009,1,23,0,15,0,12,0,0,0
1010,0,32,1,18,0,21,0,0,0
1011,1,35,1,20,30,16,8,1,2
1012,0,14,0,16,0,16,0,0,0
1013,0,13,0,16,0,16,0,0,0
1014,0,19,0,17,0,17,0,0,0
1015,0,21,1,16,0,12,1,1,1
1016,0,41,1,18,0,18,0,0,0
1017,1,18,0,16,0,18,1,1,1
1018,1,38,1,16,30,16,10,1,2
1019,1,27,1,16,0,14,5,1,1
1020,0,16,0,14,5,14,25,1,2
1021,1,17,0,16,0,15,0,0,0
1022,0,22,0,21,2,18,2,1,1
1023,0,31,1,24,0,21,4,1,1
1024,0,19,1,19,30,17,6,1,1
1025,1,12,0,16,6,15,0,0,0
1026,1,15,0,15,30,14,0,0,0
1027,0,37,0,21,20,15,0,0,0
1028,0,27,1,17,0,14,5,1,1
1029,0,20,1,17,0,16,0,0,0
1030,1,21,0,16,0,15,0,0,0
1031,0,43,1,17,0,14,3,1,1
1032,0,77,1,22,0,23,0,0,0
1033,0,30,1,18,0,21,1,1,1
1034,1,19,0,16,0,15,0,0,0
1035,1,19,0,16,30,16,0,0,0
1036,0,23,1,16,0,14,15,1,2
1037,1,60,0,17,21,12,0,0,0
1038,0,16,0,16,0,13,0,0,0
1039,0,30,1,18,20,15,0,0,0
1040,1,18,0,16,7,17,4,1,1
1041,0,21,1,17,0,20,0,0,0
1042,0,14,0,16,0,16,0,0,0
1043,0,13,0,16,0,16,0,0,0
1044,1,64,1,20,0,20,4,1,1
1045,0,26,1,17,4,17,0,0,0
1046,0,19,0,18,5,17,1,1,1
1047,1,21,0,16,0,17,0,0,0
1048,0,25,0,18,0,21,0,0,0
1049,1,21,0,16,0,17,3,1,1
1050,1,26,1,16,0,14,1,1,1
1051,1,14,0,15,0,11,1,1,1
1052,0,46,0,21,10,19,0,0,0
1053,1,77,1,14,30,10,1,1,1
1054,0,17,0,16,0,16,0,0,0
1055,0,20,0,19,30,17,1,1,1
1056,1,21,1,16,0,15,2,1,1
1057,1,48,0,22,0,16,0,0,0
1058,0,18,1,16,0,16,0,0,0
1059,1,20,0,16,0,16,0,0,0
1060,0,18,0,16,5,17,1,1,1
1061,0,13,0,16,0,16,0,0,0
1062,0,12,0,16,0,16,0,0,0
1063,0,13,0,16,0,16,0,0,0
1064,1,15,0,16,0,15,0,0,0
1065,0,16,0,16,0,16,0,0,0
1066,1,17,0,16,0,15,0,0,0
1067,1,25,0,16,0,14,2,1,1
1068,0,12,0,16,0,16,0,0,0
1069,1,12,0,10,0,10,1,1,1
1070,0,49,1,19,0,20,0,0,0
1071,1,54,1,19,0,17,0,0,0
1072,0,19,1,17,4,16,0,0,0
1073,0,13,0,16,0,16,0,0,0
1074,1,65,0,18,0,14,2,1,1
1075,0,35,0,18,0,18,0,0,0
1076,1,68,1,18,0,15,0,0,0
1077,1,17,0,16,0,17,2,1,1
1078,1,45,0,17,30,16,13,1,2
1079,0,13,0,15,1,12,2,1,1
1080,1,16,0,15,0,16,0,0,0
1081,1,55,0,21,30,18,28,1,2
1082,0,15,0,16,0,15,0,0,0
1083,0,18,0,16,0,16,0,0,0
1084,1,22,0,16,8,15,6,1,1
1085,0,18,0,16,0,16,0,0,0
1086,0,34,0,15,6,20,0,0,0
1087,0,20,0,17,5,16,4,1,1
1088,0,19,0,16,0,16,0,0,0
1089,0,16,0,16,0,16,0,0,0
1090,0,39,0,18,0,21,0,0,0
1091,0,19,0,16,0,16,0,0,0
1092,1,21,0,18,30,10,30,1,2
1093,0,17,0,16,0,16,0,0,0
1094,0,36,0,18,0,19,1,1,1
1095,1,17,0,16,0,15,0,0,0
1096,1,26,1,17,0,16,2,1,1
1097,0,18,0,16,0,16,0,0,0
1098,0,24,1,17,0,18,0,0,0
1099,0,37,1,20,0,26,0,0,0
1100,0,29,0,18,30,18,11,1,2
1101,0,28,0,17,0,17,0,0,0
1102,0,24,0,22,30,16,3,1,1
1103,1,16,0,16,3,15,0,0,0
1104,1,14,0,16,0,15,0,0,0
1105,1,67,0,20,0,19,0,0,0
1106,1,31,1,17,0,18,12,1,2
1107,0,16,0,16,0,16,0,0,0
1108,0,19,0,18,30,16,0,0,0
1109,0,25,1,16,0,13,4,1,1
1110,1,23,0,16,0,13,0,0,0
1111,0,28,0,14,30,14,12,1,2
1112,0,16,0,16,0,15,0,0,0
1113,0,17,0,16,0,16,1,1,1
1114,0,39,1,19,0,21,0,0,0
1115,0,25,1,18,0,21,0,0,0
1116,1,12,0,16,0,15,0,0,0
1117,0,28,0,24,30,18,0,0,0
1118,1,36,1,18,0,18,4,1,1
1119,0,16,0,16,0,16,0,0,0
1120,0,31,0,14,7,19,2,1,1
1121,0,29,0,17,30,18,1,1,1
1122,0,42,0,20,6,27,0,0,0
1123,0,19,0,16,0,16,0,0,0
1124,0,51,0,19,0,20,0,0,0
1125,1,30,1,18,0,23,8,1,2
1126,0,67,0,20,0,20,0,0,0
1127,0,82,0,22,0,20,0,0,0
1128,1,51,0,16,30,17,4,1,1
1129,0,15,0,16,0,16,0,0,0
1130,1,21,0,13,7,16,30,1,2
1131,1,53,1,19,0,18,0,0,0
1132,0,24,0,17,0,17,0,0,0
1133,0,54,0,18,30,20,0,0,0
1134,0,48,0,18,0,19,0,0,0
1135,1,18,0,16,7,15,20,1,2
1136,1,25,0,17,0,17,25,1,2
1137,0,39,1,15,0,16,0,0,0
1138,0,64,0,21,0,25,0,0,0
1139,1,64,0,19,0,19,0,0,0
1140,1,28,0,15,12,10,0,0,0
1141,0,17,0,16,1,14,0,0,0
1142,0,13,0,16,4,16,0,0,0
1143,0,16,0,16,0,16,0,0,0
1144,1,30,1,15,0,10,0,0,0
1145,0,38,0,19,20,25,2,1,1
1146,1,29,0,19,30,18,4,1,1
1147,0,24,0,19,30,13,4,1,1
1148,1,15,0,15,0,12,0,0,0
1149,1,35,1,17,0,16,0,0,0
1150,1,61,0,15,0,16,0,0,0
1151,0,44,1,18,0,16,2,1,1
1152,1,37,1,15,30,18,25,1,2
1153,0,16,0,16,0,16,0,0,0
1154,0,21,1,17,0,20,0,0,0
1155,1,13,0,15,0,14,0,0,0
1156,1,38,1,18,0,20,2,1,1
1157,1,23,0,13,9,10,0,0,0
1158,1,15,0,16,0,15,0,0,0
1159,1,82,1,21,0,18,0,0,0
1160,0,41,1,18,0,16,0,0,0
1161,0,15,0,16,5,14,0,0,0
1162,1,12,0,16,0,14,0,0,0
1163,1,31,1,17,12,16,0,0,0
1164,1,35,1,21,8,16,8,1,2
1165,0,35,1,19,0,23,2,1,1
1166,1,33,0,17,0,15,1,1,1
1167,0,25,0,17,1,19,2,1,1
1168,1,14,0,16,0,14,0,0,0
1169,1,34,1,15,0,17,7,1,1
1170,0,14,0,14,4,13,0,0,0
1171,0,47,1,18,0,17,10,1,2
1172,0,42,1,18,6,16,3,1,1
1173,0,43,1,19,0,20,1,1,1
1174,1,33,0,17,20,16,7,1,1
1175,1,23,1,17,0,17,1,1,1
1176,0,65,1,19,0,15,20,1,2
1177,1,15,0,15,30,12,0,0,0
1178,1,30,0,19,11,15,5,1,1
1179,1,20,0,17,30,17,2,1,1
1180,1,16,0,15,0,11,0,0,0
1181,0,16,0,16,0,14,0,0,0
1182,0,43,1,16,30,30,20,1,2
1183,0,28,0,16,30,16,0,0,0
1184,0,30,0,15,15,16,2,1,1
1185,0,13,0,16,0,16,0,0,0
1186,0,17,0,15,0,10,0,0,0
1187,1,48,1,20,0,18,8,1,2
1188,1,14,0,11,0,10,0,0,0
1189,0,15,0,15,5,11,0,0,0
1190,1,13,0,16,0,14,0,0,0
1191,1,61,1,20,0,19,0,0,0
1192,0,39,1,18,0,18,0,0,0
1193,1,62,1,18,13,17,10,1,2
1194,0,66,0,16,30,26,0,0,0
1195,1,56,1,18,20,21,0,0,0
1196,0,13,0,16,0,16,0,0,0
1197,1,21,0,16,0,15,0,0,0
1198,0,13,0,16,0,16,0,0,0
1199,1,22,0,17,7,17,0,0,0
1200,0,19,0,13,30,16,0,0,0
1201,1,50,0,48,30,18,2,1,1
1202,0,20,0,10,30,18,0,0,0
1203,0,12,0,16,4,16,0,0,0
1204,0,12,0,16,0,15,0,0,0
1205,1,24,0,13,0,15,6,1,1
1206,1,20,0,16,0,16,0,0,0
1207,0,14,0,16,0,14,1,1,1
1208,0,15,0,16,0,14,0,0,0
1209,0,16,0,15,5,12,2,1,1
1210,1,21,0,19,30,10,2,1,1
1211,0,24,0,17,0,17,0,0,0
1212,1,22,0,16,0,17,3,1,1
1213,1,23,0,16,2,14,1,1,1
1214,1,16,0,14,30,15,0,0,0
1215,1,19,0,16,5,14,2,1,1
1216,1,12,0,16,0,14,0,0,0
1217,1,21,0,16,0,16,26,1,2
1218,0,35,1,18,0,18,4,1,1
1219,1,12,0,16,0,15,0,0,0
1220,0,21,1,17,0,16,0,0,0
1221,0,23,1,17,0,17,0,0,0
1222,1,13,0,16,0,15,0,0,0
1223,0,24,1,17,10,18,5,1,1
1224,1,19,0,16,0,15,0,0,0
1225,1,15,0,16,0,14,0,0,0
1226,1,13,0,16,0,15,0,0,0
1227,1,14,0,16,6,15,0,0,0
1228,1,16,0,16,0,15,0,0,0
1229,1,18,0,16,0,15,0,0,0
1230,1,23,0,17,0,18,20,1,2
1231,0,49,1,16,30,18,0,0,0
1232,0,22,0,16,0,15,0,0,0
1233,0,12,0,16,0,15,0,0,0
1234,0,25,0,18,30,18,1,1,1
1235,0,34,0,12,30,16,0,0,0
1236,1,13,0,16,0,15,0,0,0
1237,1,17,0,14,30,12,10,1,2
1238,0,40,0,18,30,15,0,0,0
1239,1,17,0,16,0,16,0,0,0
1240,1,17,0,16,0,15,0,0,0
1241,0,12,0,16,0,16,0,0,0
1242,1,21,1,18,30,16,12,1,2
1243,0,20,1,16,1,12,3,1,1
1244,0,29,1,17,0,16,1,1,1
1245,1,15,0,16,0,15,0,0,0
1246,0,17,0,16,0,16,0,0,0
1247,0,25,0,17,0,19,0,0,0
1248,0,39,1,18,30,16,4,1,1
1249,0,15,0,16,0,16,0,0,0
1250,0,72,0,12,12,21,0,0,0
1251,1,16,0,16,0,15,0,0,0
1252,0,33,1,27,9,12,1,1,1
1253,0,22,1,18,3,15,0,0,0
1254,1,16,0,15,0,11,0,0,0
1255,1,50,0,16,30,16,2,1,1
1256,0,14,0,16,0,16,0,0,0
1257,1,19,0,17,15,19,2,1,1
1258,1,15,0,16,0,14,0,0,0
1259,0,23,0,17,4,16,0,0,0
1260,1,12,0,15,0,14,0,0,0
1261,0,42,0,19,10,21,4,1,1
1262,0,13,0,16,1,16,0,0,0
1263,1,22,0,15,0,10,0,0,0
1264,0,20,1,18,30,20,1,1,1
1265,0,27,1,16,0,13,6,1,1
1266,0,25,1,17,0,16,3,1,1
1267,0,17,0,16,30,15,0,0,0
1268,0,20,1,17,30,14,2,1,1
1269,0,14,0,13,15,13,2,1,1
1270,0,22,1,17,30,15,0,0,0
1271,1,21,1,16,0,15,10,1,2
1272,1,18,0,13,0,14,15,1,2
1273,0,27,0,12,30,13,2,1,1
1274,0,16,0,15,23,14,5,1,1
1275,1,15,0,16,0,15,0,0,0
1276,0,15,0,16,0,14,0,0,0
1277,1,63,1,18,0,16,10,1,2
1278,1,16,0,16,0,16,0,0,0
1279,1,15,0,16,0,14,0,0,0
1280,0,13,0,15,0,13,0,0,0
1281,1,16,0,16,0,15,0,0,0
1282,1,34,1,16,2,13,15,1,2
1283,1,12,0,16,0,14,0,0,0
1284,0,41,1,18,6,16,0,0,0
1285,0,35,1,11,0,13,0,0,0
1286,0,29,1,16,7,16,20,1,2
1287,0,35,0,14,0,17,15,1,2
1288,1,15,0,16,0,15,0,0,0
1289,0,43,1,17,0,14,0,0,0
1290,0,31,0,16,0,14,2,1,1
1291,1,18,0,15,0,12,1,1,1
1292,0,19,1,16,30,14,1,1,1
1293,1,59,1,15,30,17,20,1,2
1294,1,68,0,17,0,10,0,0,0
1295,0,18,0,16,0,16,0,0,0
1296,1,24,1,16,0,15,0,0,0
1297,0,42,1,18,0,16,0,0,0
1298,0,31,1,17,0,16,1,1,1
1299,0,52,0,18,0,15,5,1,1
1300,0,12,0,16,0,16,0,0,0
1301,1,29,1,17,0,16,0,0,0
1302,0,21,0,16,0,16,0,0,0
1303,0,15,0,16,0,16,0,0,0
1304,1,15,0,15,7,13,10,1,2
1305,1,15,0,13,2,10,0,0,0
1306,0,42,1,19,0,20,0,0,0
1307,0,16,0,16,0,15,0,0,0
1308,0,15,0,16,0,16,0,0,0
1309,0,13,0,16,0,16,0,0,0
1310,0,25,1,17,0,17,0,0,0
1311,0,13,0,16,0,16,0,0,0
1312,1,18,0,15,30,13,1,1,1
1313,1,52,1,18,0,16,20,1,2
1314,0,17,0,16,5,15,1,1,1
1315,1,18,0,16,8,13,13,1,2
1316,0,18,0,16,0,16,0,0,0
1317,0,16,0,16,0,16,0,0,0
1318,0,30,1,17,0,16,4,1,1
1319,0,51,0,14,30,18,0,0,0
1320,1,19,0,14,6,18,19,1,2
1321,0,14,0,15,0,12,0,0,0
1322,0,12,0,16,0,16,0,0,0
1323,0,22,1,17,0,16,0,0,0
1324,0,23,0,17,0,17,0,0,0
1325,1,14,0,16,0,15,0,0,0
1326,0,14,0,15,0,10,0,0,0
1327,0,14,0,16,0,16,0,0,0
1328,0,23,1,14,4,13,12,1,2
1329,0,72,0,17,0,15,0,0,0
1330,0,15,0,16,0,16,0,0,0
1331,0,20,1,16,4,15,0,0,0
1332,1,18,0,16,0,16,0,0,0
1333,1,12,0,16,0,15,0,0,0
1334,0,29,0,14,0,14,2,1,1
1335,0,13,0,16,0,16,0,0,0
1336,0,25,0,21,0,18,0,0,0
1337,0,36,0,17,0,17,1,1,1
1338,1,39,1,17,0,15,0,0,0
1339,0,44,0,18,0,18,1,1,1
1340,1,20,1,12,1,20,1,1,1
1341,0,32,0,18,30,17,2,1,1
1342,1,30,0,17,9,16,0,0,0
1343,1,16,0,16,0,15,0,0,0
1344,1,18,0,18,29,10,4,1,1
1345,0,45,1,18,0,17,1,1,1
1346,0,23,0,17,0,17,0,0,0
1347,1,18,0,16,30,10,30,1,2
1348,1,26,0,16,0,13,1,1,1
1349,0,33,0,17,0,18,0,0,0
1350,1,20,0,16,0,14,0,0,0
1351,0,18,1,17,4,17,0,0,0
1352,1,26,0,17,0,17,0,0,0
1353,0,31,1,17,5,14,2,1,1
1354,0,16,0,16,0,16,0,0,0
1355,0,24,0,14,0,15,0,0,0
1356,1,13,0,16,0,14,0,0,0
1357,0,14,0,16,0,16,0,0,0
1358,1,23,0,17,0,18,0,0,0
1359,0,26,0,17,0,17,0,0,0
1360,0,19,0,16,0,16,1,1,1
1361,0,16,0,16,2,16,0,0,0
1362,1,25,1,16,0,13,1,1,1
1363,1,27,0,18,8,18,0,0,0
1364,1,62,0,13,16,18,0,0,0
1365,0,35,0,17,0,18,0,0,0
1366,0,48,1,20,0,47,0,0,0
1367,0,14,0,16,0,16,0,0,0
1368,1,24,0,16,9,12,20,1,2
1369,0,16,0,16,0,15,0,0,0
1370,0,12,0,16,0,16,0,0,0
1371,1,44,0,14,0,18,6,1,1
1372,0,16,0,16,0,15,2,1,1
1373,0,50,0,18,0,17,0,0,0
1374,1,50,0,20,0,30,1,1,1
1375,0,45,0,17,0,14,0,0,0
1376,0,33,1,18,5,17,0,0,0
1377,1,29,0,18,9,18,2,1,1
1378,0,63,0,18,30,20,0,0,0
1379,0,31,1,18,5,18,0,0,0
1380,0,18,1,17,0,16,0,0,0
1381,0,46,1,19,0,19,0,0,0
1382,0,19,0,17,5,17,0,0,0
1383,1,24,1,17,0,17,10,1,2
1384,0,24,1,17,0,16,0,0,0
1385,0,33,1,18,6,17,0,0,0
1386,0,15,0,15,0,10,2,1,1
1387,0,23,1,17,0,16,10,1,2
1388,1,16,0,16,0,15,0,0,0
1389,1,13,0,16,0,15,0,0,0
1390,0,12,0,16,0,16,0,0,0
1391,0,17,0,16,0,13,0,0,0
1392,0,14,0,16,0,16,0,0,0
1393,0,16,0,14,0,16,0,0,0
1394,0,12,0,16,4,16,0,0,0
1395,1,68,1,18,16,16,26,1,2
1396,1,16,0,16,0,15,0,0,0
1397,1,21,0,12,30,12,30,1,2
1398,0,13,0,16,0,16,0,0,0
1399,0,18,0,16,0,16,0,0,0
1400,0,15,0,16,0,16,0,0,0
1401,1,13,0,16,6,14,0,0,0
1402,1,35,0,18,9,19,6,1,1
1403,1,19,1,16,0,15,0,0,0
1404,1,30,0,19,30,18,12,1,2
1405,0,50,0,15,7,21,0,0,0
1406,0,13,0,16,0,16,0,0,0
1407,0,19,0,16,0,16,0,0,0
1408,0,15,0,15,0,12,0,0,0
1409,0,14,0,16,0,16,0,0,0
1410,0,40,1,18,0,16,0,0,0
1411,0,22,0,17,0,16,0,0,0
1412,0,18,0,16,5,16,0,0,0
1413,0,13,0,16,0,16,0,0,0
1414,0,21,0,17,0,18,0,0,0
1415,0,12,0,16,0,16,0,0,0
1416,1,35,1,17,0,16,0,0,0
1417,0,20,1,17,3,18,3,1,1
1418,0,25,0,17,0,20,1,1,1
1419,1,26,0,16,0,16,3,1,1
1420,1,29,1,19,30,16,0,0,0
1421,0,52,1,21,0,19,2,1,1
1422,0,19,1,17,8,16,15,1,2
1423,1,12,0,16,0,14,0,0,0
1424,0,33,1,18,0,17,0,0,0
1425,0,16,0,16,5,14,0,0,0
1426,0,25,1,17,0,15,0,0,0
1427,1,36,1,17,0,17,16,1,2
1428,1,25,0,12,30,15,8,1,2
1429,0,18,1,16,0,15,0,0,0
1430,1,22,1,16,0,14,5,1,1
1431,0,25,1,17,0,16,0,0,0
1432,1,35,1,24,7,22,2,1,1
1433,0,16,0,12,2,13,5,1,1
1434,0,68,0,21,0,22,0,0,0
1435,0,16,0,15,0,11,3,1,1
1436,1,57,1,19,13,16,25,1,2
1437,0,25,1,17,0,17,0,0,0
1438,0,72,1,17,0,21,0,0,0
1439,0,23,0,17,0,19,0,0,0
1440,0,12,0,16,4,16,0,0,0
1441,1,18,0,15,0,13,2,1,1
1442,0,17,0,16,0,14,0,0,0
1443,0,39,0,20,0,20,0,0,0
1444,0,34,1,17,0,16,0,0,0
1445,0,46,1,18,0,17,2,1,1
1446,1,14,0,16,0,15,0,0,0
1447,0,24,0,16,0,13,1,1,1
1448,0,14,0,16,0,16,0,0,0
1449,1,77,1,20,0,18,25,1,2
1450,0,31,1,17,0,17,3,1,1
1451,0,14,0,16,0,16,0,0,0
1452,1,13,0,16,0,15,0,0,0
1453,0,20,1,16,0,14,4,1,1
1454,1,25,1,16,0,14,2,1,1
1455,0,23,1,17,0,17,0,0,0
1456,0,12,0,16,0,16,0,0,0
1457,1,12,0,11,7,10,0,0,0
1458,1,15,0,16,0,15,0,0,0
1459,1,18,0,16,0,15,0,0,0
1460,0,12,0,16,0,16,0,0,0
1461,1,14,0,15,0,11,0,0,0
1462,1,17,0,16,0,16,2,1,1
1463,0,25,1,17,30,16,15,1,2
1464,0,13,0,12,20,10,1,1,1
1465,0,15,0,10,4,13,3,1,1
1466,1,15,0,16,0,15,0,0,0
1467,1,40,0,17,1,16,13,1,2
1468,0,18,0,16,0,15,2,1,1
1469,0,82,1,23,0,25,0,0,0
1470,0,26,0,17,0,15,8,1,2
1471,1,17,0,16,0,15,0,0,0
1472,0,15,0,16,0,16,0,0,0
1473,0,25,0,17,0,18,3,1,1
1474,0,22,1,18,5,12,0,0,0
1475,0,25,1,16,0,17,0,0,0
1476,1,20,1,18,1,16,6,1,1
1477,1,22,1,17,5,18,2,1,1
1478,0,15,0,16,5,13,4,1,1
1479,1,13,0,15,0,11,0,0,0
1480,0,18,0,16,0,16,1,1,1
1481,0,18,0,17,5,18,0,0,0
1482,1,69,1,28,30,28,2,1,1
1483,1,33,1,18,0,21,10,1,2
1484,0,19,0,16,3,16,6,1,1
1485,1,15,0,15,2,13,0,0,0
1486,0,13,0,16,0,16,0,0,0
1487,0,24,1,18,30,13,6,1,1
1488,0,17,0,16,5,14,2,1,1
1489,1,19,1,16,0,16,0,0,0
1490,1,19,0,16,0,15,8,1,2
1491,0,23,1,17,0,16,0,0,0
1492,1,22,1,17,0,17,0,0,0
1493,0,17,0,16,0,16,0,0,0
1494,1,15,0,13,30,12,3,1,1
1495,0,16,0,16,2,13,2,1,1
1496,0,12,0,16,0,16,0,0,0
1497,0,39,1,18,30,16,3,1,1
1498,1,18,0,16,0,13,0,0,0
1499,1,18,0,16,0,16,0,0,0
1500,0,23,0,11,30,11,1,1,1
