"id","female","anxdep1","anxdep2","anxdep3","anxdep4","lonely1","lonely2","lonely3","lonely4"
1,0,1,1.5,1.75,1,2,2.25,1.75,1.5
2,0,1,1,1.25,1,1.5,2,2.5,2
3,0,1.25,1,1.25,3,2,1.75,2,2.75
4,0,1,1,1.5,1.25,1.75,1.5,2.5,1.75
5,0,1,1,1,1,1,1,1,1
6,0,1.75,1,1,1,1,1,1,1
7,0,1,1,1,1,1,1,1.5,2
8,0,2.75,2,2.75,1.75,3.25,3.5,2.75,2.25
9,0,2,2.5,1.5,2.75,3,2.75,2.5,2.5
10,0,1.5,2,3,2,1,1.5,2.25,2
11,0,1.5,1.5,1,1.75,2.75,2.5,2.5,2
12,0,1.5,1.25,1.5,2,3.25,2.75,2.25,2.75
13,0,1.25,2.25,2.5,3.25,2.25,2.25,2.5,2.5
14,0,1,1.5,1,1.75,2,2,1.75,1.75
15,0,1,2,2,2.25,1.25,2.25,2.5,2.5
16,0,1.75,1.5,2.75,2.25,3,2.25,2,1.5
17,0,1,1.75,2,1.75,1.25,2,1.25,1.75
18,0,1.25,1,2,1.5,2,2.75,2.75,2.25
19,0,2.25,2.25,3,2.5,2.75,2.5,2.5,2.75
20,0,2.25,1.25,1.75,2.5,1.75,1.25,1.5,2
21,0,1.25,1.5,1.5,2,2.5,2.75,3.25,2.5
22,0,1.75,2.5,3,2.25,1.75,1.5,3,2
23,0,1,3,2.25,2,1,2.25,2.75,2.5
24,0,2.25,2.75,2.5,1.5,2.25,2,1.5,1
25,0,1.5,2,2.75,2,2,1.5,2.25,1
26,0,2.25,2.5,2.75,3,3,3.25,4,4
27,0,1.5,1,1.75,1.75,2.5,1.25,2,2.25
28,0,1.75,1.75,2,2.75,3.25,3.25,4.25,4
29,0,2,1.75,3.5,2.5,1.75,2.25,2.5,2.25
30,0,1,1.25,1.5,1,1,1.25,1.75,2
31,0,1.75,2,1.5,2.5,2.75,2.75,3.25,3
32,0,1.75,2,2,2.5,2.5,2.5,1.75,2.25
33,0,2.25,1,1.75,2,2.5,1.75,2.25,1.25
34,0,1.75,1.5,1.5,1.5,2.5,2.75,2.5,3.5
35,0,2.5,2.75,3.25,2.25,3,3.25,3,3
36,0,1,1.5,1.25,2,1.25,2,1.5,1.75
37,0,1,1.75,2.5,2.5,1.25,2,3.5,3.5
38,0,1,1.25,1.75,2,1.5,1.5,2,2.75
39,0,1.75,1.5,2,3,2.25,2.75,3.5,3.25
40,0,1.25,1.75,1.5,2.25,2.25,2.75,2,2
41,0,1.5,1.25,1.25,1,1.75,1.5,2.25,1.25
42,0,2,1.5,2,2.25,2,2.25,2.25,1.75
43,0,1.75,2.5,2,2,2.5,2.75,3,3.25
44,0,1.25,1.75,1,1,1.25,1.25,1,1.5
45,0,1.25,1.25,1,2.25,3.25,2.25,2.5,3.75
46,0,2.25,3,2,2,2.25,3,1.75,2.5
47,0,1.5,2.5,1.25,1,2,2.25,1.5,2
48,0,1,1,1.5,1.5,1,1,1.25,2.25
49,0,2,2.25,2.5,1.75,1.25,2,2.75,1
50,0,1.5,2.25,2.25,2.5,2.25,2.5,2.25,2
51,0,1,1.25,1.25,1.25,2,2.25,2.75,1.5
52,0,1,1,1,1,1,1,1,1
53,0,2,1.5,2,2,1.5,2,2.25,2.25
54,0,1.75,1.75,2.25,1.75,1.25,1.75,1.25,1
55,0,1.25,1.25,1.25,2.5,3,2.5,1.75,2.5
56,0,1.5,1.75,1.75,1.25,1.5,2.5,2.25,2
57,0,2.5,3,2.75,3,3.25,2.75,3,2.5
58,0,1,1,1.5,2.75,2,1.75,2.25,2.75
59,0,1,1,1,1,1.25,1.75,2.5,2.25
60,0,1.75,1.5,1.75,2,2,2.5,2.75,1.75
61,0,1,2.25,1,1.75,2.25,3.5,1,1.5
62,0,2.5,2.5,2,1.25,3,1.5,1.5,2
63,0,3.5,2.5,3,3.25,3,2,3.25,3
64,0,2.25,1.5,1,1.75,2.25,1.75,1.25,1.5
65,0,1.25,2,1.5,1.5,1,2.25,2.25,2.75
66,0,2.5,1.75,2.5,2,1.75,1.5,2,2.25
67,0,1.5,2,2,2.25,2.25,3,2.5,2
68,0,1.5,2,1.5,2,2.5,3,2,2.5
69,0,1,1,1,1.25,2,1.75,1,1
70,0,1,1,1.75,2,1,1,2.25,2.25
71,0,1,1,1.25,1.75,2.5,2.75,2,2.5
72,0,2,1,1,1,1.75,1.25,1.25,1
73,0,1.25,1,1,1,1.5,1.75,2,1.75
74,0,1.75,1.25,1,2.25,2,2,2.25,2.75
75,0,1.75,2,1.75,1.5,2,2.25,1.5,1.5
76,0,2,2,1.25,2.5,2.5,2.5,3,3.5
77,0,1,1.75,1,1.5,2,2,1,1.5
78,0,2.5,1.75,1.25,1.5,2.75,2.25,1.75,2.25
79,0,2.5,2.75,1.75,2.25,3,2.75,3.5,3.5
80,0,1,1.25,1,1,1.75,2.25,2,2.75
81,0,1.5,1,1.5,1.5,1.75,1.25,1.75,2
82,0,1,1.5,1,1.25,1.75,2.25,2,2.25
83,0,1.75,1.5,1.5,1.75,1.25,2,1.5,1.25
84,0,1,1,1,1,2.5,1.75,2.5,2.25
85,0,1,1,1,1.25,1.5,2,1.5,1
86,0,1,1,1.5,1,1,1,1.75,1
87,0,1.75,1.25,1.75,2.25,2.75,3,2.5,2.25
88,0,3,2,2.5,2.5,3,3,2.5,2
89,0,1.5,1.25,2,1.75,2.5,2,3.5,3.25
90,0,1,1.5,1.25,1.25,1,1.75,2,2.75
91,0,1,1,2,2,1.75,1.75,2.25,2
92,0,2,1.5,2.5,2.75,2.75,2.25,2.25,2.25
93,0,2.75,1.75,2.25,2.25,3,2.5,3.75,2.25
94,0,1,1.75,2.75,2.25,2.25,2.75,2.5,2.5
95,0,2,1.25,1.25,1.75,1,1,1.5,1
96,0,2,1.75,1.5,2.75,2.5,3,2.5,2.5
97,0,2.25,2.75,3.5,2,2.5,3,3,2.5
98,0,1,1.25,1.25,1.75,2.5,1.75,1.25,2.25
99,0,1.25,1.25,1.5,1,1.5,1.75,2.25,1.5
100,0,1,1.5,1.25,1.5,2.25,1.5,1,1
101,0,1,1,1.5,2.5,1.75,2.25,1.5,2
102,0,2,1.75,2.5,2.5,2,2,3.75,2.75
103,0,1.25,1.5,1,1.25,1.5,2.25,1.5,2.25
104,0,2.25,2.25,1.75,1.75,1.75,2,2,2.25
105,0,1.75,2.25,2.25,2.75,3.5,2.75,2.5,2.75
106,0,1,1,1,1.5,1.25,1,1.5,1
107,0,1.5,1,1.25,1.75,1.25,2.25,1.5,1.75
108,0,1.25,1.25,1,1.75,1.75,2,1.5,1.5
109,0,1.25,2,1.75,1.75,1,2.5,2,1.75
110,0,1.5,1.75,1,2.25,2.5,3,2.75,2.25
111,0,1.5,1.25,1.25,2.5,3.25,2.75,1.5,3
112,0,2.5,2.25,1.75,2.75,3,2.75,2.5,3.25
113,0,1.25,1.75,2.25,2.25,1,1.25,1.25,2.25
114,0,1.5,2,2,1.75,1.75,1.75,2,1.5
115,0,2,1.25,1,1.5,2.75,1.25,1.75,2
116,0,1.25,1.5,2,2.25,1.75,2.5,2.5,2.75
117,0,1,1,1.5,2.25,1.5,1.5,2.5,2.5
118,0,1.5,2.5,2.5,1.25,2.75,1.75,2,1.5
119,0,1,1,1.25,1,1,1.25,1.25,1.5
120,0,1,2,1.75,2.25,1.5,2,2.25,2.25
121,0,2.25,1,1.75,1.75,2.5,1.75,1,2
122,0,1.75,1.25,1.25,2.25,3.75,2.75,2.25,3.75
123,0,1.5,1,1,1.5,3.25,3,2.75,2.5
124,0,2,2,2,2,2.75,2.25,2.5,2
125,0,2.5,2.5,1.25,1.75,2.75,2.75,2.75,2.25
126,0,1,1.25,1,2,2,1.25,2.25,2
127,0,1.25,2,2.75,3,1.25,2,2.5,2.5
128,0,1,1,1,1,1.5,1,1.5,1
129,0,1.5,1.25,2.5,2.25,1.75,1.25,2.5,1.5
130,0,1,1,1,1.25,2.5,2,1.5,2.25
131,0,2,1.25,1.75,2.5,3.75,3.5,3.25,3
132,0,1,1.25,1.75,2.25,2.25,2.5,3.25,2.75
133,0,1.25,1.25,1.25,1.25,2.5,1.75,1.75,1.5
134,0,1.75,1,1,1.75,2,1.75,1.25,1.75
135,0,1,1,1.75,1.75,1.5,1.25,1.5,1.25
136,0,1.75,2,2,1.75,2.5,2.5,2.75,2.25
137,0,1.25,1.75,2.25,3.25,2.25,2.75,2.75,4.25
138,0,2.25,1.5,1.75,1.75,2.25,1.75,2,1.75
139,0,1.25,1.75,2,1.5,2.5,2.25,2,1.5
140,0,2,1.75,2.25,2.5,3,3,3.25,3.5
141,0,1,1,1,1,1,1.5,1,1
142,0,2.5,1.75,2.25,2.75,3.5,2.75,3.25,3.5
143,0,1,1,1.75,2.5,1.25,2.25,2.25,2.5
144,0,1.5,2.5,2.75,2.75,1.75,2.5,2.25,2
145,0,2.25,2,2.75,3.5,3,2.5,3,3.75
146,0,2,1,2,1.75,1.75,1.25,2,2.25
147,0,2.75,1.75,2,2.25,2.75,2,2.75,3
148,0,2,1.5,1,1.5,1.5,1.25,2,2.5
149,0,1,1.5,1.25,1.25,2,2.5,2,1.5
150,0,1,1,2.25,1.5,1,1,1.5,1.25
151,0,1.25,3,2.5,1.5,3,3.5,3,3
152,0,1.5,1.75,1,1.5,1.5,2,2,2.25
153,0,2.5,2.75,2.75,3.25,3,2.5,3.25,3.25
154,0,1.75,1.5,2.25,2.25,2.25,2.75,3.25,3.25
155,0,1,1,1.75,1.25,2,2.25,2.75,1.75
156,0,1.75,1.75,2.5,2,2.25,1.75,2.75,2.5
157,0,2,1.75,2.75,2,2.25,2.25,3,2
158,0,1.5,1.75,1,1.75,2,2.75,2.25,1.25
159,0,1.75,1.5,1,1.25,1.25,1.75,1,1.5
160,0,2.25,1.75,2.5,2,3.5,2.25,3.25,1.75
161,0,1,1,1,2.5,2.75,2.75,2,2.5
162,0,2.25,2.25,2.25,2,1.5,2.25,2,2
163,0,3,1.75,2.5,2.75,3.5,3,4,3.5
164,0,1.25,1.5,1.75,1,1.75,2,1.75,1.75
165,0,1,1.25,1.25,1.25,1,1.25,1.5,1.5
166,0,1.5,1.75,1.5,2.25,2.75,3,2.75,2.5
167,0,2.25,2.5,2.5,2.75,3,2.5,2.75,3.5
168,0,1.5,1.75,1.75,2.5,2,2,1.75,2
169,0,1,1.75,2,1.25,2,2.5,2.25,2.25
170,0,3,2.5,3.25,3,3,2.75,4.5,3.25
171,0,1.25,1.75,2.25,2.5,1.75,2.25,3,2.25
172,0,1.25,1.75,1.25,2.25,2,2,1.25,2
173,0,2.5,1.75,2.25,1.5,1.5,2.25,2.75,1.25
174,0,2,2,2,2.75,1.75,2,2.5,1.75
175,0,2,1.5,2.25,1.75,1.25,1,1.25,1.75
176,0,1,1,2.5,2,3,3.25,2.75,2.75
177,0,1.75,2,2,1,2.25,2.5,2.25,2.25
178,0,2,2,2.75,2.5,1.5,2,2.75,2.5
179,0,1,1,1.5,2.25,1.75,2.25,2.5,3
180,0,1.75,1.5,1,1.5,2.5,2.25,1.5,2.25
181,0,1.75,2.25,2,2,2,2,3,2.5
182,0,1,1.75,1.75,1.5,1.5,1.75,1,1.75
183,0,1.5,1.5,1.5,2.5,2,2.25,3.25,2.25
184,0,1,1.25,1,1.25,1.75,1.75,1,1
185,0,2,1.25,1.5,2.75,2.5,2,3,3.5
186,0,1.75,1,1.25,1.75,1.25,1.5,1.75,2
187,0,1.75,1.75,2.25,2,1.5,2,2,2.25
188,0,3,2.25,3,2.75,3.25,1.75,2.25,2.25
189,0,1,1,1.5,1,1.25,1.25,1.5,1.25
190,0,2.75,2.25,2,1.5,4.25,3.25,3.25,1.75
191,0,1.75,2,2,2.25,2.25,2,2,1.75
192,0,2,1,1.75,2.25,2.25,2.75,2.75,2
193,0,1.5,1.75,2,2,2,2.25,3,3
194,0,1,1,1,1,1,1,1,1.75
195,0,1.75,1.75,2.75,3,1.25,2.5,3.25,3
196,0,1,1,1,1,1,1,2,1.25
197,0,2.5,1.75,2,2.5,1.75,1.75,2.25,3.5
198,0,1.5,1.25,1,1.25,2,1.5,1.25,1.25
199,0,1.25,1.5,2,1.25,1.25,1,2,2.25
200,0,2.25,2.5,2.25,1.75,3,2.75,2.75,2
201,0,1.25,1,1.5,2.25,1.75,1.75,2.25,1.25
202,0,1,1,1.25,1.25,2,1,1.25,1
203,0,2.75,2.5,1.75,2,2.75,3.25,2.75,3
204,0,1.5,1.75,1,1.75,1.5,1.5,1,2
205,0,1,1,1,1,2,1.75,2,1.5
206,0,2,2.25,2.25,2,3.5,3.75,4,3.75
207,0,1.25,1.25,1.25,1.5,1.5,1,1.75,2
208,0,1,1,1,1,2.5,2.25,1.25,1.5
209,0,1,1,1,2,1.25,1.25,1.5,2.5
210,0,1.5,2,2.25,2,1.5,2.25,2.25,3.25
211,0,1,1.25,1.75,1.25,1.75,2,1.75,1.25
212,0,1.25,1,1,1.5,1.75,1,1.25,1.5
213,0,1,1.5,1,1,1.75,2.5,1.75,1.25
214,0,2.75,2.25,2.5,3,3,3.25,2.75,4
215,0,1,1,1.25,1.75,1.75,2.25,2.25,2.75
216,0,2,1,1.75,1.5,1.25,1,1.25,1.5
217,0,1,1,1.5,1,1.5,1.25,1.75,2.25
218,0,1,2.5,1.25,2.5,3,2.25,2,3
219,0,1.5,1.75,3.25,3.5,2.75,3.75,4.25,3.5
220,0,1.25,1.5,2.5,2.25,2.25,2.25,2.5,2.25
221,0,2.5,2,3,2.5,3,3,2.75,1.75
222,0,1.75,2.5,2.75,2.75,3,3.25,3.5,3.5
223,0,1.5,2.25,1.75,2.25,2,2.5,2.5,2.5
224,0,1.5,1.75,1,2,2,2.25,1.75,1
225,0,2,2,2.5,3.25,2,2.75,2.5,2.75
226,0,1,1,1,1.5,1.75,1.5,1,1.5
227,0,2,1.25,1.75,1.75,2.75,2.5,4.25,3.25
228,0,1.25,1.25,1,1.75,1.5,1,1,2
229,0,1,1.5,2.5,1.5,2.25,3.25,3,3.25
230,0,1.75,2.25,2.25,3,3.75,3,3.5,3
231,0,1,1,1,1.5,1.75,2.25,1.75,1.5
232,0,2.25,3,2.75,2.75,3.5,4,4,3
233,0,1.5,1.25,1.5,2.25,1.75,1.5,2,3
234,0,2.75,1.75,2.25,2.25,2.25,1.75,1.75,3.25
235,0,2,1,1.75,3,2.5,2.5,3.25,3.5
236,0,2.5,2.25,3,3.25,2.5,2.5,2.75,3
237,0,1,1.75,1.25,2.75,1,2,2,2.5
238,0,1.75,3,2,2.25,3,3,2.75,2.75
239,0,1.25,1,2.25,2.5,1.75,2,3.25,3.25
240,0,1,1.75,1.25,1.5,1,1.5,1,1.25
241,0,1.5,2,1.5,2.25,2,1.75,2.5,3.25
242,0,2,2,1.75,2.25,1,1,1.75,2
243,0,1.75,2,1.5,1.75,2,2,2,2.75
244,0,1.5,1.25,1,1.25,1.75,2,1,1
245,0,2.5,2,1.75,2.25,3.25,2.25,3.5,3
246,0,2,1.25,1,2,2.5,2,1.75,3
247,0,1,2,1,1,3,2.5,1.5,1.75
248,0,1.25,1.5,1.75,1.25,2,2,2.5,2.5
249,0,1.5,1.25,1.25,1.25,2.75,3,2.5,2.5
250,0,1.75,2,2.5,2,2.75,2.25,1.5,1.5
251,0,1,1.25,1.25,2,1,1,1,2
252,0,1,1,1,1,2,2,1.25,2.25
253,0,2.25,2.25,2.25,2.75,3.25,2.5,3,4.5
254,0,1,1.25,1,2,2.25,1.25,1.75,3.25
255,0,1.25,1,1.75,1.25,2.75,2.75,2.75,1.5
256,0,1.75,1.75,1,2.25,2.25,1.75,2.25,3.5
257,0,2,1.25,2,2.75,2.25,2,3,2.5
258,0,1.75,2.5,3,2.25,2.25,2.75,3.25,3.5
259,0,2.5,1.5,2,1.5,1.75,1.25,1.5,2.25
260,0,1.5,1.25,1,1.5,1,1,1.25,1.5
261,0,1,1,1.5,2.5,3,3.25,3,4.25
262,0,2.25,1.75,1.5,3.5,3.5,3.25,3.5,4
263,0,2.25,2.5,2.5,2.25,2.25,2.5,2.25,3.75
264,0,1,1,1,1,1,1,1,1
265,0,2,1.25,2,2.5,2.25,1.75,2.5,3.25
266,0,2.5,2.75,2.5,1,1,1.75,1.75,1
267,0,1,2.25,2.5,2,1.75,2,1.75,1.25
268,0,1.5,1.5,2.25,2.75,2.5,3.25,3.75,3.75
269,0,1,1,1.25,1.75,1.75,1.25,1.75,2
270,0,1.25,2,3,1.75,3.25,3.5,3.5,3.75
271,0,2,2,1.75,2.5,3.25,3,3.5,3.75
272,0,1,1.25,1.25,1.5,1.5,1.5,2.25,1.5
273,0,1.5,1,1.5,1.75,1.75,2,2.75,2.5
274,0,1.25,1.5,1.75,1.75,2,2.25,3.5,2.75
275,0,2,1.5,2,2,2.5,2.25,3.25,1.5
276,0,1.5,1.75,1,1.75,1.25,1.25,1,2.5
277,0,1.75,2.5,2.25,3.5,3,4,3.25,4.25
278,0,1.75,2,1.5,2,2.5,2.5,1.5,3
279,0,1.25,1.75,1.5,1.75,2,1.75,2,1.75
280,0,1.5,1.25,1,1,1.25,1.25,1.25,1
281,0,2.5,1.5,1,1,2,1,1.25,1.5
282,0,3,3.5,3.5,3.75,2.75,3.5,3.5,4.5
283,0,2.25,2.5,2.5,3.25,2.75,2.75,3.25,4.75
284,0,1,1.5,1.75,2,1,1,1.75,1.25
285,0,1.5,2,2,1.75,2.25,3.25,3.25,2.5
286,0,2.25,2.25,2.25,1.5,1.5,2.5,1.75,1.75
287,0,1.5,1,1.75,2.25,1.5,1,1.5,1.5
288,0,2.5,2.75,2.5,2.5,2.75,3,3.5,4
289,0,1,1.25,1.25,1,1.25,1.5,1,1.75
290,0,1,2.25,2.75,2.75,2.5,2.75,2.75,2.75
291,0,1,1.5,1.75,1,1.5,1.75,2,1.25
292,0,2.5,1.75,2.5,2,3,2.25,3,2.75
293,0,2,2.5,2.5,2.5,2.25,2.5,3.75,2.75
294,0,1.5,1.75,1.75,2.5,1.25,1.5,1.25,1.5
295,0,2.5,2.5,3.75,3,2.25,2,3,3.25
296,0,1.5,1.75,2,2,2.5,1.75,3.25,2.5
297,0,1.5,1.25,1,1.5,1.5,1.25,1.75,1
298,0,2.5,1.75,2.25,3.25,2,3,3.25,3.5
299,0,1,1,1,1.25,1.75,1.75,2.25,2
300,0,1,1.75,1.25,1.5,2.75,2.75,2.5,2.5
301,0,1,1.5,1.25,1.5,1,2,1.75,2.75
302,0,2.25,2.25,2.5,2.75,2.75,4,3.25,3
303,0,2,2,2.75,2.75,2.25,2.25,2.75,2.25
304,0,1,1.25,1,1,1.25,2,1,1.5
305,0,1.25,1.75,2,3.25,2.25,2.75,2.75,3.25
306,0,1.5,1.25,1,1.5,1.5,2,1,1
307,0,1.5,1.5,3,2.5,2.75,1.75,3,2.25
308,0,2,1,2.25,2,2.25,2.75,2.75,2.5
309,0,2.25,1.5,1.25,2.75,3.5,2.75,2.75,3.75
310,0,1.5,1.75,1.75,2,1,1.5,1.5,1
311,0,2,1.5,1.25,1.75,2,1.75,2,1.75
312,0,1.5,1,1.25,1.75,1.75,1,1,1
313,0,1.5,1.75,1.75,2,1.25,2,1.25,1.75
314,0,1,1,1,1.75,2,2.5,2.5,2.5
315,0,1,1,1,1,1.5,1.5,1.25,1.5
316,0,1,1,1.25,1,1,1.5,1.5,2.25
317,0,2.25,1.75,1.5,1.5,2.75,2.25,2.25,1.25
318,0,2.5,1.75,2.25,2.25,3.5,3.5,3.5,3
319,0,1.25,1.25,1.5,1.5,1,1,1,1.25
320,0,2.5,1.5,2,2,2.5,1.25,2,2
321,0,2,1.75,1.75,2.75,2.5,2.25,2.5,3
322,0,1,1.75,2.25,1.75,1.5,1.25,2,2.25
323,0,1,1.5,1.25,2,2.25,2.75,3,3.5
324,0,2,1.75,2.25,3,1.75,2.25,3.75,2.75
325,0,1,1,1,1,1.5,1.25,1.5,2.25
326,0,2.25,1.25,1.25,1.75,1.5,1.5,1.25,1.25
327,0,1.75,1.5,2.25,2,2.25,1.5,2.5,2.75
328,0,1.5,1.5,1.5,2,2.75,2.75,2.5,2.25
329,0,2.25,2,1.25,1.75,1,1,1.25,1.75
330,0,2.25,3.25,3.75,3.75,3.75,4,4.25,5
331,0,1,1,2.75,1.5,1,1.25,2.5,1.75
332,0,1.75,1.75,2.5,2.25,3,2.75,3.5,3.25
333,0,1.75,1.5,1,1.5,1.75,1.25,1.75,2.25
334,0,2.25,1.25,2,2.25,3,2,2.75,2.25
335,0,1.25,1,1,1,1.75,1.75,1.5,1
336,0,2,2.25,2,2.75,1.75,2.5,2.75,2.25
337,0,2,2.25,2.5,2.5,1.75,2,2.25,3
338,0,1.5,1.25,2,2.5,3.5,3,2.75,3
339,0,1.5,2.5,1.5,2,2.25,1.75,2.75,2.5
340,0,1.5,1.5,1.25,1,2.25,2,2.75,1.5
341,0,1.75,1.5,1.25,1,1.75,1,1.25,1.25
342,0,2,1,1,1,2.5,2.25,3,1.75
343,0,2.75,2.25,2.25,2.75,2,2.25,2.5,3.75
344,0,1,1,1.25,1,1.5,1,1.5,1
345,0,1.5,1.5,1.5,1.25,3.25,2.75,3.25,2.25
346,0,1.75,2.5,1.75,2,2.5,2,1.5,2.5
347,0,1,1.5,1.75,1.25,1.25,2.5,2.25,2.75
348,0,1.75,2,2,1.75,3,3,2.75,2.5
349,0,2.75,1,1.25,2.75,2,1,2,2.5
350,0,2.25,1.75,1.25,1,3,2.25,1.75,1.75
351,0,2,1,1.5,2.5,2.5,2.25,2.5,2
352,0,1.75,1.5,2.5,2.5,2.5,3,3.75,3.5
353,0,2.25,1.75,2.5,1.5,3.25,3.25,3,2.5
354,0,1,1,1.25,1.5,2.25,1.5,1.75,1.75
355,0,1.5,1.75,1.75,2,2,1.5,2,2.25
356,0,1.25,1.75,1,1,1.5,2.5,3,3
357,0,1,1.5,2.5,2.5,2.75,3,3.5,3.75
358,0,1.5,1.25,1,2,1.75,1.25,1.75,2.25
359,0,1,1.25,1.75,1.5,2.25,2.5,3.25,3.25
360,0,1,2,1.75,1,1,1.5,1.5,1.25
361,0,1,1,2.5,2.25,2.25,2.25,3,2.75
362,0,2.25,3,1.75,2.5,3,2.5,1.75,2.25
363,0,1.75,1.5,1.5,1.5,2.5,2.5,1.75,1.5
364,0,1.25,1.25,1,1,2.75,2,2.5,1.5
365,0,1.5,1.75,1.5,2,2.25,2,2,1.5
366,0,1,1,1.25,1.5,2,1.5,1.5,2
367,0,1.5,2,3,2.5,1.75,2.25,2,1.25
368,0,2.75,2,2.25,2,3.25,2.75,3.5,3
369,0,1.5,1.25,1.75,1.5,1,2.25,3,2.5
370,0,1.5,1.5,1,1.25,1.75,2,2.25,2.75
371,0,2.5,2,2.25,2,2.75,2.75,2.75,2.25
372,0,2.25,2.25,1.75,2.5,3,3,2.75,3.25
373,0,1.75,1,1,1.75,1.5,1.25,2,1
374,0,2,2.75,1.25,1.75,2.25,2.25,1.5,2.25
375,0,1.25,1.5,2.5,3,1.5,2.75,2.75,3
376,0,1.75,2,2.25,3,3,2.25,2,3
377,0,1.25,2.25,1.75,3,3,3.5,2.75,4.25
378,0,1.25,1,1.5,2.25,2.75,2.5,2,3
379,0,1.25,2.25,2.25,2.25,1.5,2,2.75,2.75
380,0,1,1.75,2.5,1.75,1,2,2,1.75
381,0,1,1.5,1.5,1.5,1.75,2,1.5,1.5
382,0,2.25,2.25,1.5,1.25,1,2.25,2.25,2.25
383,0,2,2,2.75,2.5,2.75,2.5,3.25,3
384,0,1.25,1.5,1.75,1,1,1.75,1.5,1
385,0,2,1.25,2,2.25,2.25,1.25,1.5,2.75
386,0,2,2.5,2,1.5,2.75,2.5,3.5,3.75
387,0,2,1.75,1.25,1.75,1.75,1.5,1.25,2
388,0,2.25,1.75,1.5,2,2.75,2.25,2.5,1.5
389,0,1.75,1.75,2.25,3,2.75,2.75,2.5,3.25
390,0,1.5,1.25,1.5,1.5,3.25,2.5,2,2
391,0,2.5,1,1.25,2.25,2.75,1.5,2.5,3.75
392,0,1.5,1.75,1.5,1.25,1,1.25,1,1.5
393,0,1.25,1.75,1.75,1.75,2.75,3,3.75,2.75
394,0,1,1.25,2.25,2.25,3,3.25,4,3
395,0,1.5,1.25,1.5,1.75,2.75,2.25,1.5,1.5
396,0,1,2,1,1.5,1.5,3,3,3
397,0,1,1.25,1.75,1.75,1.25,1.75,2.5,1.5
398,0,2,1.75,1.75,2.25,2.5,2.75,1.75,2.5
399,0,2,2,1.5,2.75,3,2.75,1.75,2.25
400,0,1,1,1,1,1.5,1,1,1.5
401,0,1.25,1.5,1,1.25,1,1,1.5,1.5
402,0,2,1.5,1.75,3.5,2.75,2.5,2.25,4
403,0,2.25,2.5,2.5,2,1.75,1.75,2.5,2
404,0,1.75,1.5,1.75,1.5,2,1.5,1.5,1.75
405,0,1.25,1.75,2.5,2,2.25,2,2.75,2.5
406,0,1,1.75,2,2.25,2,2.75,2.5,3
407,0,1,2,2.25,2.5,2,2.5,2.75,2.75
408,0,1,1.75,1.25,1.25,2.5,3.25,2.5,2.75
409,0,1.75,1.75,2.5,2.25,2.75,2.25,3,4
410,0,2.5,3,3.25,2.5,1.75,2.5,2.5,2
411,0,1,1,1,1.5,1,1.75,1,1.25
412,0,2.5,2.25,2,2,2.5,2,2.25,2.5
413,0,3,2.75,3,2.75,3,3,3,2.75
414,0,2,1.75,1.5,1.75,1.5,1.25,1.75,2.5
415,0,2.25,2,2.25,1.5,1.25,1.5,2.25,1.75
416,0,2.25,1.75,1.75,2.75,1.75,1.5,2.25,2.75
417,0,1,1,1,1.25,1.25,1.25,1,1.5
418,0,1.5,2.75,3,3.25,2.75,3.25,4.25,2.25
419,0,1,1,2,1,3,3,3.5,1.25
420,0,1,2,1.75,2.25,1.5,2.25,2.25,2.5
421,0,2,1.25,1.5,1,1.75,1,1.5,1.75
422,0,2,1.75,2,2.75,1.5,2,2.5,3
423,0,1.5,1,1,1.25,3,3.25,3,2
424,0,1.25,1.75,1,1,1.5,1,1,1
425,0,2.75,2.5,2.5,2.5,2.25,2.5,3,3.75
426,0,2,2,2.25,2.75,3.25,2.75,2.25,3
427,0,1.25,1,1,2,2.25,2,1.5,2
428,0,1,1.25,1.25,2,2,2.25,1,3.25
429,0,2.25,2,1.25,2,1.25,2.5,2.5,1.5
430,0,1.75,1.5,1.5,1.25,2,2,1.25,1
431,0,2.5,1,2,2,2.75,2.75,2.75,2.75
432,0,1,1.5,1.25,1.75,2,1.75,1.25,1.25
433,0,1.25,1.5,1.25,2,2.5,2.25,2.5,2.25
434,0,1.5,1.5,1.75,2,3,2.5,3,3.5
435,0,1.5,1,1,1.5,2.5,1.75,1.75,2.25
436,0,1.75,1.75,2,2.75,2.25,2.5,2.75,2.75
437,0,1.75,1.75,3.25,2.75,2,3,3,3.75
438,0,1.75,1.25,1.5,1.25,1,1,1.75,1.5
439,0,1.5,1.25,1,1.25,1,2,2.25,2
440,0,1.5,1.5,1.25,1.25,2,2,2.25,2.5
441,0,1,1,1.5,1,1,1.5,1,1.75
442,0,1,2.25,1,2,2,3,1.75,1.75
443,0,1,1.25,1,1,1.25,1.25,1,1
444,0,1,1.75,1.75,2,2.75,2.25,3.5,2.5
445,0,1,1,1,1.75,1.5,1.25,1.25,2.25
446,0,1.75,2,2,1.75,3,3,3.5,3.75
447,0,1.25,1.25,1,1.75,2.25,2.75,1.75,2.75
448,0,1.25,1.75,2.25,2.5,2.25,3,3.5,2.75
449,0,1,1.5,2,1.5,2,2.25,2,1.75
450,0,1.25,1.75,1,1.5,1.5,1.5,1.5,3.25
451,0,1,1,1,1,1,1.75,1.25,1
452,0,1,1.25,1.75,2.25,1.5,1.25,2,1.75
453,0,1,2.25,1.5,2.5,2.25,2.75,2.75,2.5
454,0,3,2.5,2,2.5,3,3.5,3.75,4
455,0,3,2.5,2.5,3,3.25,3,3,3.75
456,0,1.75,2,1.5,1.5,1.5,2,1.25,1
457,0,2,1,1.75,1.25,2.75,2.25,2.5,2.5
458,0,1.25,1,1,1.25,1.5,1.75,1,1
459,0,2,2.5,2,2,2.5,3,2.25,2.5
460,0,1.75,1.75,2.5,2.25,2,1.5,2.25,2.75
461,0,1.5,1.25,1.25,1.5,1.75,2.5,2.75,2.75
462,0,1,1.5,1.5,2,1.5,1.5,1,1.75
463,0,1,1.25,1,1.5,1.25,1,1,1
464,0,1.5,1.25,1.5,1,2,2,2,2.5
465,0,2.25,2,3,2.25,2.75,2.25,2.5,3
466,0,1.5,1.25,1.5,2,2.5,2.5,2.75,3.5
467,0,1,1,1.25,1,3.25,2.25,2.75,2
468,0,1,1,1,1,2,1.5,1.5,1.25
469,0,1.5,1,1.25,2,2.25,1.75,1.25,2.5
470,0,2,2.5,1,1.75,2.25,2.75,2.25,1.75
471,0,1.25,1.5,1,1,3,2.5,2.5,1.75
472,0,1.25,1,2.5,2.25,1.5,1.75,2.5,1.75
473,0,1.25,2,2.25,2.5,2,2.25,3,3
474,0,1.25,1,1,1,2,2,1.75,1.5
475,0,1.5,2.75,2.25,2.25,2.5,2.25,1.75,2
476,0,1,2.5,1,1.25,2,2,1,2
477,0,1,1,1,2,1.75,2,1.75,2
478,0,2,3,4,2.75,1.5,2.25,2.75,2.75
479,0,1.25,1.5,2,1.75,2,1.25,2.25,2.5
480,0,1.25,1.25,1.5,2.75,1.75,2,1.5,2.75
481,0,1.25,2.5,1.5,2.25,1.5,3,2.5,3.25
482,0,2.25,2.75,2.75,1.5,2.25,1.75,2,1.5
483,0,1.25,1,1.25,1.5,1.5,1.75,2.5,1.75
484,0,1.75,1.5,1.5,1.75,2.25,2,1,1.25
485,0,2.25,1.75,2,2.25,2.75,3.25,2,3.25
486,0,1.75,1.75,1.5,2.5,2.5,2.25,1.75,3
487,0,1.5,1.75,2.25,2.5,1.75,2.25,2,2.75
488,0,1,1,2.25,1.75,2,1.5,2.25,2.5
489,0,2.25,2.25,2,2,2.5,2.5,1.75,2.25
490,0,1.25,1,2.5,2.5,1.75,1.75,3,2.5
491,0,1,1,1,1.5,3,2,1.5,2.5
492,0,2,1.75,1.5,1.75,2.25,1.75,2.5,2.5
493,0,1,1.25,1,1.5,1.75,1.5,1,1.25
494,0,1.25,1.25,1.25,1.5,2.25,1.75,2.5,2.5
495,0,1,1.75,1.25,1.25,1.5,1.75,1.25,1
496,0,1.5,2.25,3,3,3,3.25,3.5,4
497,0,1,1,1.25,1.25,1,2,1.5,3.5
498,0,1.75,2,2.25,1.75,2,1.75,2.5,2.75
499,0,1.25,1,1.75,1.25,2.75,2,2,1.5
500,0,1.5,1.25,1.75,2,2.25,2.25,1.75,1.75
501,0,1,1.25,1.5,2.75,2.5,2.5,2.25,1.75
502,0,2,1.5,1.75,2.5,2.25,1,1,3
503,0,1,1,1,1.25,1.25,1.25,1.25,2.5
504,0,2,2,1.5,1.75,2,2.25,2,3
505,0,1.25,1.75,1.75,1.75,3,2.25,1.5,1.75
506,0,2.25,2.25,1.5,1,3,2.25,2,1.5
507,0,1.75,2.25,2.5,2.25,2.5,2.75,2.25,2
508,0,1.5,1.75,2,2.25,3,2.5,2.75,2.75
509,0,1.75,2.25,2.25,3,2,2.75,3,2.5
510,0,1.5,1.75,1.5,1.5,2.5,1.5,1.75,2.25
511,0,1,2,2.25,2.5,1.75,3,2.75,3
512,0,2.75,2,3,2.25,3,2.5,2.75,2.25
513,0,1.5,1,1.75,2,3,1.75,2,1.75
514,0,1.5,1.5,1.75,3.5,3,3,2.5,4
515,0,2.25,1.5,2,2,1.25,2.25,2,2.75
516,0,2,1.75,2,2.25,2,1.5,1.5,1.5
517,0,1.5,1.75,1.75,2.75,2,1.75,3.5,3.5
518,0,2.75,2.25,1.25,2,3,2.75,3,3
519,0,1,1,1.25,1.5,1,1.5,2,1.5
520,0,1.75,2.25,2.75,2.25,3.25,3,4,4.25
521,0,2.5,2.25,2,1.75,3.25,3.5,2.75,2.75
522,0,1.25,1,2,1,2.25,1.25,1.75,1.5
523,0,1.5,2,2,2.75,3,3.5,3.5,3
524,0,2.5,1.25,2.25,1.75,1.75,2.5,2.75,2.5
525,0,1.25,1.25,1.5,1.75,1.5,2,1.75,2.5
526,0,1,1,1.5,1,1.5,2,1.25,1.5
527,0,1.25,1,1,1,1.5,1.25,1.5,1
528,0,2.25,2,2.25,3,3,3,3,3.75
529,0,2,1.5,2,1.5,2.5,1.75,2,2
530,0,1,1,1,1,1.5,1.75,1.5,1
531,0,1,1,1,1,2.25,2,1.75,2
532,0,1.25,2.25,2.25,2.25,2.75,2.75,3.75,2.25
533,0,1.75,1.75,1,1,1.25,1.25,1.75,2.25
534,0,1,1,1,1,1,1.25,1.25,1
535,0,2,1,1.25,1.75,2.5,1.75,1.75,2.25
536,0,1.25,2.25,1,2,2,3,1.75,2.75
537,0,2,1.25,1.25,2.25,2.25,2,2.75,3
538,0,2,2,1.75,2.75,3.5,3.25,2.75,3.5
539,0,1.5,1.5,1.25,2.25,1.75,1,2.25,3
540,0,1.25,1.75,1,1,1.25,1.75,1.25,2
541,0,1.75,1.75,1.25,2.5,1.5,1.25,2,2.5
542,0,2.5,2,2.5,2.5,2.75,3.5,2.75,2.5
543,0,1,1.5,1.5,1.25,1.5,2.5,2.25,1.75
544,0,1.25,1.5,1.25,1.5,1.75,2,1.25,2
545,0,2.25,1.75,1.75,1.5,3,2.5,2,2.75
546,0,1.75,2.5,2.75,2.75,3,3,2.5,1.75
547,0,1.5,2,1.5,2,3,2.5,3,3.5
548,0,2.25,2,2,2,3.25,1.75,2.25,1.75
549,0,2.5,1.5,1.25,2,2.75,1,1,1.75
550,0,1,1.75,1.25,1,1.5,2.5,1.75,2.25
551,0,2.5,2.25,3.25,2.5,2.25,3,2.75,1.75
552,0,1.75,2.25,1.75,3.25,2.5,2.5,2.75,3.5
553,0,1,1.75,2,1.75,1.5,1.5,2,1.75
554,0,2,2.25,3,2,2,2.25,2.5,2.75
555,0,3,2,1.75,2,3,2,1.5,2
556,0,1,1.25,1.75,1,1.75,2,2.25,2.75
557,0,1.75,1,1.25,1,1,1,1.5,1
558,0,2.25,2.25,2.75,2.75,2.25,2,1.75,2.75
559,0,1.75,2,1.75,2.75,2.5,2.5,2,2.5
560,0,1,1.75,1.5,2,1,1.75,1.25,2
561,0,1.5,1,1.25,1,1.25,1,1.5,1.25
562,0,1.75,1.75,1.5,1.75,1.5,1.5,1,1
563,0,2,1.75,2.5,1.75,1.25,1.5,2.75,1
564,0,1,2,1.5,1,1.75,2.25,2.5,1.5
565,0,2.75,2,2.25,1.75,3.25,3,2.25,2
566,0,1.5,2.5,2.25,2.5,2.75,2.5,2.5,3
567,0,1,1.25,1,1,1.75,1.75,2,1.25
568,0,1.5,1.25,1.5,1.5,3,1.75,1.5,2
569,0,1,1.25,1.75,2.25,2,1.75,2.25,2.25
570,0,1.25,1,1.75,1.5,3.5,2.25,3,3.25
571,0,2.75,2.75,3,2.75,2.5,2.75,3,2.5
572,0,1.5,1,1.25,1,1.5,1.5,2.75,1.25
573,0,1.25,1,1.5,1,1.5,1.25,2.5,2
574,0,2.25,2,2.5,1.75,1.5,1.75,2.25,1.5
575,0,2,1.25,1.75,1.5,2.5,1.75,2,1.75
576,0,2,2.25,2,1.75,2.75,2.5,2.5,2
577,0,1.25,1,1,1.25,1.25,1.75,2.5,1.75
578,0,1.5,1.75,1,1,3,2.25,2,3
579,0,1.5,1,1.75,1.25,1,1,1,1.25
580,0,1.75,1,1,1.75,2.25,2,1.5,1.75
581,0,1,1.5,1.25,1.25,2.25,2,2.25,2
582,0,2,2,2.5,2,3,3,3.5,2
583,0,1.25,1.75,1.75,2.25,1.75,1.75,2,2.25
584,0,1.75,1,1.5,2.5,3,2.5,1.75,3.25
585,0,2.25,2,2,2.5,2.75,2.5,1.75,1.75
586,0,1.25,1,1.75,2,1.5,1.25,1,1.5
587,0,1,1,1.25,1.25,2,2.5,2,1
588,0,1.25,2,1.75,1.75,2.5,2.5,2.75,2.25
589,0,2,1.75,2.25,2.5,2.5,3,2.75,3
590,0,2,1.5,1.25,1,2.25,1,2,1
591,0,1,1,1,1,1,1,1.25,1.25
592,0,1.25,1,1,1.25,1,1.25,1.5,1
593,1,1,1,1,1.25,1,1,1,1.5
594,1,1,1.75,2,2.5,1.75,1.75,1.75,2.75
595,1,2,1.75,1.5,2.75,3,3.25,3.5,4.25
596,1,1,1,1,1,2.25,2.25,2.25,1.25
597,1,2.25,2.75,2.75,3.25,2,2.75,2.75,3
598,1,1.25,2.75,2.75,2.75,2.25,3.25,2.75,3
599,1,1.25,1,1,1,2.25,1.5,1,1
600,1,2.5,2.25,4,3.5,3,2.5,2.5,3
601,1,2.5,2.5,2.25,3.5,2.75,2.5,2.75,3
602,1,2.25,1,1,1.75,2.25,1.5,1.75,1
603,1,1.75,2.75,2.25,2.75,1.5,2,1.5,2.25
604,1,1,1,1.25,2.75,1.25,1.25,1.5,1.75
605,1,1.75,2.25,2.25,2.75,2.75,2.75,2.5,2.75
606,1,2.25,1.75,1.75,1,1.5,2,1.25,1.5
607,1,2.25,3,2.75,2.5,3,3,3,3.5
608,1,2.5,3,2.25,2.5,2.75,2.25,2,1.5
609,1,1.5,1.25,1.5,1.5,1.5,1.5,1.5,1.5
610,1,2.5,1.75,2.5,1.75,2.25,1.5,1.75,2.25
611,1,1.5,1,2,1.5,2,2,1.5,1.5
612,1,2.75,2.75,1.5,2,2,2.75,2.25,2
613,1,2.75,2.75,1,2.5,2.5,2.75,2,2.75
614,1,2,2.5,1.5,2,3.75,3.5,3,2.25
615,1,2.75,2.75,2,2,2.25,2.75,2,2
616,1,1,1.5,1,1,1,1.25,1.5,1
617,1,3.25,2.75,2.25,2.5,3,2.75,2.75,2.5
618,1,2.25,2,1.75,1.25,3,2.25,2.5,2
619,1,2.75,2,2.25,2.5,2.75,3.25,3.75,3.25
620,1,2,2,1,2,2.75,3,1.75,1.5
621,1,1.75,1.5,1.25,1.5,2.25,2.5,2.5,2.75
622,1,1.5,1.25,2.25,2.25,1.75,1.75,2.25,2.5
623,1,1.25,2.25,3,1.5,2,3.25,4,2.5
624,1,1.75,1,1.5,1.75,1.25,2.25,2.75,1.25
625,1,2.5,1.25,1,1,2.25,1.75,1.75,1.75
626,1,1.5,2.25,1.75,2,2,2.75,3,2.25
627,1,3.25,3.75,3,3.25,3.25,2.75,2.5,3.25
628,1,1.75,1.5,1,1,2.25,2.25,1.5,1
629,1,2,2,1.75,2.75,2.75,2.5,2.25,2.5
630,1,1.75,1.5,2,2,2.25,2.5,3.25,1.5
631,1,1,1.75,2,2.25,1,1,2,2.5
632,1,1.5,3,3.25,2.5,2.75,2.75,3,3
633,1,2.25,3,2,1.75,2.75,3.75,3,2.75
634,1,1,1.25,2,1.5,1.25,1.5,1.5,1
635,1,2.25,1.5,1,1.5,2.25,2,2,2.5
636,1,1.75,2.25,1.75,2.5,3.5,3.5,3.25,3.25
637,1,3.75,4.5,3.25,5,4,5,5,4.75
638,1,2.25,2.75,2.25,2.5,4.25,3.25,2.75,2.75
639,1,1,1,1.25,2.5,1.75,1.75,2.75,3
640,1,2.5,2.75,2.25,2.5,3,2.5,4,3.75
641,1,3,2.5,1.75,3,3.5,3,2.5,3
642,1,2.5,2,1.75,2.25,3.25,3.5,2,2
643,1,2.75,2.5,2.5,2,2.25,2.5,2.25,3
644,1,1.5,2.5,2,1.5,3.25,2.75,2.25,2.75
645,1,1.5,1.75,1.75,2.25,1.5,2,2,2
646,1,2.25,2.5,2.5,3,1.25,1.75,2.5,3.25
647,1,1,1,1.75,1.75,1,1.5,1.75,2
648,1,1,1.25,1.25,2.5,1.25,1.25,1,2
649,1,1.5,2.5,2.75,2,1,1.75,2,1.5
650,1,1.5,2,3,1.75,1.5,1,2.5,2.5
651,1,2.75,2.25,1.75,1,3,3.25,2.75,1.75
652,1,1.75,2.25,2.25,2.5,3,3.25,2.75,2
653,1,1,1.25,2.5,1.25,1.25,2,2.75,2.5
654,1,2.25,2,1.75,1.25,2.75,3.25,2.75,3
655,1,2,2.25,1.5,2,1.75,2.5,1.75,1.75
656,1,2.75,2,3,2.25,2,2,2.75,1.5
657,1,1.75,3,3.75,4,3,3.5,3.75,3
658,1,2.75,3.25,3,4,3.75,4.25,4,4
659,1,1,2,1.25,2,2.25,2.25,2.75,2.75
660,1,2.5,3,2.75,3.25,3.25,3.5,2.75,2.5
661,1,2.75,2.25,2.5,2.75,1.5,2.25,2,1.75
662,1,3.25,1.25,1.25,1,3,1.75,2,2.25
663,1,3.5,3.75,2,2.75,4,4,3.25,3.25
664,1,3.25,3,2,2,1.75,2,1.75,1.25
665,1,3.25,3.75,4,3.75,3.25,4,3,3.5
666,1,1.25,1,1,1.5,2.25,2,2,2
667,1,2.25,1.75,2,2.5,3.5,3,3.5,2.25
668,1,2,2.25,2.25,3,1.5,2.25,2.5,3
669,1,1,1,2,2.5,2,1.5,1,2.25
670,1,3,2.25,2,2.5,2.75,2.5,3,3.25
671,1,1.75,2.25,2.25,1.5,3.25,3,3,2.25
672,1,2,2.25,2.5,2.25,3,2.25,2.25,2
673,1,2,2.25,3,1.75,2.75,3,2.25,2
674,1,2,2.5,1.75,1.5,3,2.5,1.75,2.5
675,1,2,2.25,2.5,3.25,2,2.5,3.25,3.75
676,1,1.5,1.75,1,1.5,2.25,1.5,2,2
677,1,2.25,1.75,2,2.75,2,2.5,3,2.25
678,1,2.25,2.25,1.25,1.5,3.5,3.25,2.25,1.25
679,1,2,1.25,1.5,1.5,2,2,1.75,2.25
680,1,1.25,1.75,1.25,2,1.75,1,1.5,1.5
681,1,1.75,2.5,2.25,3,2.25,3.25,3.25,3.75
682,1,5,3.75,3.25,3.5,4,3.75,2.75,3
683,1,2.5,3,2.5,2.5,1.25,2,3,1.75
684,1,2.5,1.75,2,2,1.75,1.5,2.5,1.75
685,1,2,2.25,2.75,2.25,2.5,2.5,2.5,2.75
686,1,1,1.75,1.75,2.25,1.25,2,1.5,2
687,1,2.25,2.25,1.5,1,3.25,3,2.75,2.5
688,1,3.25,2.75,2.5,2.5,2.25,2.25,2.25,2
689,1,2,2,1.75,2.25,1.25,1.75,2.25,2.75
690,1,3,3,3.5,3.75,2.25,3,3.75,2.25
691,1,1.75,1.75,1.25,1,2,1.75,1,1
692,1,2,2.75,2.25,2.75,1.5,2.25,2.5,2.5
693,1,1.75,2.75,3.75,2.5,3.5,3.5,4.25,3.25
694,1,3.25,3.75,3.5,4.25,2.5,2.5,3.5,4.25
695,1,2.5,3.5,2.75,3.25,3,3.25,3,2.75
696,1,2,1.5,2.75,3.25,1.25,1.75,1.5,1.75
697,1,1.25,1.5,2,2.5,1.75,2.25,2,2
698,1,1.25,1.25,1.25,1.5,1.25,1.25,1.75,2.75
699,1,1.5,2.25,2.75,2,2.5,2.5,1.5,1.75
700,1,1.75,2.5,3.25,3,2,1.5,2.5,2
701,1,1.25,1.75,2,3,2,3.5,3,2.5
702,1,1.5,2.75,3,4.75,2,3.25,3,4.75
703,1,2.75,3,3.25,3.5,2.75,3.5,4,3.25
704,1,2.25,1.75,1.25,2,2.25,2.75,2.75,2
705,1,1,2,1.5,2,1.75,1.5,1.75,2.5
706,1,2.75,1.75,1.75,2,3,3.5,2.5,2.5
707,1,2,3.5,3,3.25,2.5,4,3.5,3.25
708,1,2.75,2.75,2,2.25,1.75,2.5,2.25,2.5
709,1,1.75,2,2.5,2.25,1.75,1,1.5,2
710,1,2.5,2,2.75,2.5,1,2,2.25,2.25
711,1,2.75,1.5,2.25,1.25,2.75,3,2.75,2.25
712,1,3.5,2.25,2,3.25,2.75,1.5,2,1.75
713,1,2.75,2.25,2.75,2.25,2.5,2.5,2.5,2.25
714,1,2,1.5,1,1.25,3.5,3.25,3,2.25
715,1,1.5,1,2,1,1.5,1.75,2.25,2
716,1,1.25,1.25,1,1,1.5,1.5,1.5,2
717,1,1.75,1.5,2.5,2.5,1.5,2.25,3,2
718,1,2.25,1.5,1,1.75,3,1.75,1,1.25
719,1,1.5,2,1.5,1.75,3,3,2.25,2.5
720,1,2.75,2.75,2.5,3.25,2,2,2.5,2
721,1,2.5,3.25,4,2.75,2,1.75,2.75,2
722,1,2.25,2.75,1.75,3.25,2.75,3.25,2.25,2.25
723,1,3.75,3,3,3.5,2.75,3,3,2.25
724,1,2,2,3.25,2.5,2.75,2.5,3,2.75
725,1,2.25,2,2,1.75,2.25,2.75,2.5,2.25
726,1,1.75,2,3,2.5,2.5,3.25,3,3.25
727,1,1.25,2.5,3,2.25,2.5,2.5,2.75,2.75
728,1,2.5,2.75,2.25,2.25,1.5,2.5,2.75,2
729,1,2.5,2.75,2.5,2.75,4,4,3,3.5
730,1,3.75,3.25,3.75,3.75,4,4.5,3.75,3.75
731,1,3,3,2.5,3.5,3.5,3.25,3.75,3
732,1,1.5,2.25,1,1.75,2.25,2.75,1.75,2.25
733,1,1.5,2.75,2.5,1.25,2,3.25,3,2.25
734,1,2.5,2.75,3.25,3.25,2,3,3,3.5
735,1,2,2,1.5,2,2.5,2.5,2.5,2.5
736,1,2.75,3,2.5,2.75,2.75,2.25,2.5,2.5
737,1,3,2.75,2.25,2.5,3.25,3,1.5,2.25
738,1,1.5,1.25,2.5,2.25,1,1.25,2,1.5
739,1,2.75,2.25,2.5,3.75,4.25,3.5,3.75,4.25
740,1,1.5,1,1.5,1.5,1,1,1.75,1.5
741,1,1.75,1.5,2.5,2.5,1.75,2,2.25,2.5
742,1,1.5,2.25,1.75,2.75,3,2.5,3,2.75
743,1,1,1.75,1.5,1.25,2.75,2.5,3,2.25
744,1,1.75,1.75,1.5,1.5,2,1.5,2.25,1
745,1,1,1,1.75,2.25,1,1.5,2,2.75
746,1,2.75,2.5,2,1.75,2.5,3.25,3.25,2.5
747,1,1.25,2,1.75,2,1.5,2.25,2.25,2.25
748,1,1.25,1.25,1,1,1.25,1.5,1,1
749,1,1.75,1.75,2,1.75,2,2,1.75,1.75
750,1,1.5,1,1.5,1.75,2,1.5,1.75,2
751,1,1.75,1.75,1.5,2,2,2.25,2,2.25
752,1,3.25,2.5,3,2.75,2,1.5,2,3.25
753,1,3.5,2,1.75,1.25,3,2.25,2,1.25
754,1,3,2.75,2.75,2.75,3.25,2.75,3,3
755,1,1,1,1,2.25,1,1,1.25,1.5
756,1,2.25,2.5,2.75,2.25,1.5,2.75,2.25,2.75
757,1,1.75,1,1.75,1.75,1.5,1.25,2,2.5
758,1,1.5,1,1.5,1.5,1.5,1,1.5,1.25
759,1,2.75,2.25,1.75,1.25,3.25,2.75,2.5,2
760,1,2.25,2,2.75,2.25,3,3,2.75,1.75
761,1,3.5,3,3,4.25,4.5,5,3.5,3.75
762,1,1.25,1.5,2.25,2.5,3.25,3.25,3.5,2.75
763,1,2.5,2,1.25,3.5,1.25,2.25,1.5,3.25
764,1,1.25,1,2,1.75,1.5,1.75,2.25,2.5
765,1,1.5,1.25,2.75,1.5,3,2,2.5,2.25
766,1,2.25,2.25,1.5,2.25,2.25,2.5,2,2.25
767,1,3,2.25,2,2.5,2.5,1.75,2,3
768,1,3,2.75,2.5,3.25,2.75,2.75,3.25,3.25
769,1,2.25,2.5,2,2,3,1.5,2,2
770,1,1.5,2.25,1.75,2.75,2,3,2.25,3.25
771,1,2,1.25,3.5,3.75,2.25,3,3.5,3.5
772,1,1,1,1,2,2,2.5,1.5,1.5
773,1,2.25,1.5,2,2.25,2.75,2,2.5,2.75
774,1,2.5,3.25,2.75,2.75,2.75,2.5,3,3.5
775,1,2.5,1.5,1.25,1.5,2.25,2,1,1.5
776,1,3,3.5,3.75,3.25,2.25,2.75,3,3.25
777,1,3,2.75,1.25,2.75,3.5,3.25,2,2.25
778,1,1.75,1.5,1.5,3,2,2.5,2.5,2.5
779,1,1.5,1,2.25,3,2,2,2,3
780,1,2.25,1.75,2,2,2.75,2,2.5,2.75
781,1,2.75,2.25,3.25,3.5,3.25,2,2.5,2.5
782,1,1,1,1,1,1,1.25,1,1
783,1,1.75,2,2.75,2,2,2.5,2,2.75
784,1,2.5,2.5,3,3,2.5,2.75,2.5,2
785,1,1.5,2.75,3,3,1.5,2.25,2.25,2.75
786,1,1.5,3,3.5,3.25,1.75,3,2.75,3.5
787,1,1.25,1,1.5,1.75,1.5,1,1,1
788,1,1.5,2.25,1.5,1.25,2,2.5,2.5,2.75
789,1,3.25,3.5,2.75,3,3.75,3.5,3.75,3.25
790,1,1,1.25,1.25,2.25,1,1.25,2,2.5
791,1,1.25,1.25,1.25,1.75,2.25,2,2,1.75
792,1,2.5,2.75,2.75,1.75,2.25,2,2,1.75
793,1,2,2.75,3,3.75,1.5,1.75,3.25,3.25
794,1,1.5,2.5,1.75,1.25,2.5,3.5,2.75,2
795,1,1,1.25,2,1.75,1,1,1.25,1.25
796,1,1.75,2.75,3.25,4.25,2.25,3.75,3.5,3.75
797,1,2,2.25,2.25,2.75,1.5,3,2.5,2.25
798,1,2.5,2.5,2,1,2.75,3,2,2.5
799,1,2,2.25,2,3.75,2,1.75,1.75,2.5
800,1,2.5,2.25,1.25,1,2.5,2.75,2.75,2
801,1,2.5,3,3,3,2.25,2.25,3,3.25
802,1,2.25,2,1.5,1.5,2.5,3,2,1
803,1,2,2.25,1,2,2.5,2.25,1,2.5
804,1,1.5,1.25,2,2.25,1.5,3,2.5,3
805,1,1,1,1.25,1.75,1.25,1,1,2.25
806,1,1,1.25,1,1.25,1.25,2,1.25,1.75
807,1,2.25,2,1.75,3,2,1.75,1.5,2
808,1,3,2.25,2.5,2.75,2.75,2.75,3,2
809,1,2.25,1.75,1.5,2.5,3,2.75,2.5,3.25
810,1,2.25,2.5,2.75,2.25,3.25,2.5,3,3.25
811,1,1.5,1,1.5,1,1.75,1.75,1,1.5
812,1,1.25,1.5,1,1,1.25,1,1,1
813,1,1.25,1.5,1.5,1.75,1.75,1.5,2.25,2
814,1,2.5,1.25,2.25,2.75,2,1.75,2.75,2.5
815,1,2,3.25,1.5,2.25,2.5,3,2.75,4
816,1,3,4,3.5,3.75,3.25,3.25,4,3.75
817,1,2,2.75,3.5,2.75,1.75,2,3.25,2.75
818,1,2,1,2,1.75,1.75,1.75,2.5,2
819,1,2.75,3,3.25,2.75,2.25,2.5,2.5,1.5
820,1,1,1,1.5,1,1,1,2.25,1.75
821,1,1.75,1.25,1.25,1.25,2.25,2.75,2.75,3
822,1,1.25,1,1,1.75,1.5,1.5,2.25,2
823,1,2.25,3.5,3.25,3.5,3.25,3.25,3.75,3.75
824,1,2,2.75,3.25,3,2.25,2.25,3,4.25
825,1,2,2.75,1.75,1,2.5,2.75,3,2.75
826,1,1,1.25,1.25,1.5,1,1,1.25,3
827,1,2,1.5,1.75,2,2.25,1.25,1,2.25
828,1,2.75,2.25,3.5,2.5,2.5,1.75,3.5,2.75
829,1,1.5,3,3,4,2.75,3.25,3.25,4.25
830,1,2,2,2.25,3.25,3,2.5,3,4
831,1,4,4.5,3.5,4,2.75,3,3.25,3.25
832,1,1.75,2.25,1.75,2.25,2.75,3.5,3.25,3
833,1,3,2,2,1.75,2.5,1.75,2.25,2
834,1,1.5,1,2.5,1.75,1.5,1.25,2.25,2
835,1,1.75,2.25,2.25,3,3,3,2.75,2.5
836,1,1,1.5,2,2.5,1.25,1.5,2,2.25
837,1,1.75,2.5,1,1,2.25,2,1,1
838,1,1.5,1,2,2.25,2.5,2,1.75,2.5
839,1,2.25,1.5,1.5,1,2.25,2.25,1.5,2
840,1,1.5,2,2.5,3.5,1.75,2.75,2.75,3.5
841,1,1.5,2.5,2,2.25,2,1.5,2,1.75
842,1,1.75,2.25,1.75,1,1.25,2.25,1.5,2.25
843,1,3,2.25,2,1.5,2.25,1.75,1.5,1.5
844,1,2.75,2.5,1.75,2.5,2,1.75,2.5,2.5
845,1,1.75,1.75,2,2.75,3,3.75,3.75,2.5
846,1,2.5,2,1.75,2.25,2,1,2,2.5
847,1,1.75,2,2.25,2.25,3,2,2.5,2.5
848,1,1.25,1,2,2.75,2.75,2,2.75,3.25
849,1,2.75,2.25,3,1.75,3,3.75,3.25,1.75
850,1,2.25,1.5,1.75,1.75,2.75,2.25,2.75,2.25
851,1,1.25,1.5,2.25,1.75,2.25,2.5,3.5,2
852,1,2,2,3,3.25,2.75,2,3.25,2.5
853,1,3.75,3.5,3,4,3.75,4,4,4
854,1,2,1.75,2,1.5,2.25,1.5,2.25,2.25
855,1,2.5,1.25,2.5,2.25,1.75,1.5,1.25,1
856,1,1,1.75,2,2.25,1.25,1.25,1.25,2
857,1,1.75,3,3.25,2.75,2.75,3.5,3.75,3
858,1,2.25,3,2.75,3,3,2.25,2.25,2.25
859,1,1.5,1,2.75,3,1.5,1,2,2.75
860,1,4.25,4.5,3.25,2.75,4.5,4.5,4.25,3.75
861,1,1,1.75,1.75,2.25,2,2.25,2,2.25
862,1,1.25,1.5,2,1.75,1,1.5,1.5,2.25
863,1,1.5,2.25,1.75,2.25,1.5,1.5,2,2.25
864,1,3.25,2.75,3.25,3,2,1.5,2.25,2
865,1,2.75,2.5,3.5,1.75,2.75,3,3.25,1.75
866,1,2.25,2.25,2.25,2,1,1.25,1.25,2.25
867,1,2,1.75,1,1.75,2.25,1.25,1.5,1.25
868,1,2.5,3,3.25,3.25,2,3,3.25,2.75
869,1,1.75,2.75,3,2.75,1.5,3,3.25,2.25
870,1,2.75,1.75,2.75,2.25,3,2.5,3.5,3.25
871,1,1.25,2,1,1.5,1.75,2,1.75,2.25
872,1,1.5,2,2,1.75,1,2,1.5,1.75
873,1,2,1.75,1.5,1.75,2.5,2.25,1,2
874,1,3.25,3.5,2,1.25,3.5,3.5,3.25,2.5
875,1,3,3.5,3.25,1.5,2.75,2.75,2.75,2
876,1,2.5,2.75,2.25,3.25,3.5,2.75,2.75,3.75
877,1,2.5,2.5,1.5,2,3.75,3,1.75,1.75
878,1,1.25,1.75,2,2.25,2.5,2.5,2.25,1.75
879,1,2.25,2.25,2.25,2.75,3.25,3.75,3.5,2.75
880,1,2.75,2.75,2,2.5,2.5,1.5,1.75,2
881,1,1,1,1.75,1,2,2.5,2.25,1.75
882,1,2.5,2.75,3,1.75,1.75,2.5,2.75,2.25
883,1,2.25,2.25,2,3,3.75,2.75,3.25,3.5
884,1,1.75,2.25,1.75,2.25,1.5,1,1.25,1.5
885,1,3,3,2.75,2.75,1.5,1.25,2,2.25
886,1,1.75,1.5,1,1.75,3.25,3.25,2.25,2.75
887,1,2.75,2,2.25,2.5,3,3,2,3
888,1,2.25,2,2.25,3.5,1.75,1.25,1.25,1.5
889,1,2.25,4.5,2.75,3.5,1.75,3.5,2.25,2
890,1,1.75,2.25,1.75,2.75,3,3.5,3,3
891,1,3,3.25,3.75,3.75,3.75,4,4,5
892,1,1.75,1.25,1.5,1.25,1.5,2.25,2.5,1
893,1,1.75,1.5,1.5,1.5,2.5,2.5,2.5,2.75
894,1,2.75,2.5,1.75,3.25,3.5,2.75,3,2.75
895,1,2.25,1,1.25,1.5,2.5,1.75,2.5,3
896,1,2.25,3.5,2.25,1.75,3,2.75,3,2.5
897,1,1,1.25,2,1.75,1,1,1.25,2
898,1,3,3,2.75,3.5,2.75,3.25,3.25,2.75
899,1,1,3,2.75,2.25,1.75,3,2.5,2.5
900,1,2,2.75,4.25,3.5,3,2.5,3.5,3
901,1,2,2.75,3,2.25,1.75,2.75,2.5,2.25
902,1,2.5,2.25,2.75,2.75,3.25,3.5,4,4.5
903,1,1.75,3.5,2.25,2.25,2.75,3.25,3,1.75
904,1,1.5,2,3,3.5,1.5,2,2.5,3.5
905,1,1.25,2.25,1.75,2.5,2.25,2,2.25,2.25
906,1,2,2,2.75,3.75,2,2,2.75,2.75
907,1,1,1,1.5,1.5,1.75,1,1.5,1
908,1,1,1,2.75,2.25,1.25,1.5,2.25,2
909,1,3.25,3,3,3.25,3.25,3,2.75,3
910,1,1.5,1.75,1.75,1.5,2,2,2,1.75
911,1,3.25,4.5,2.75,2.75,3,2.75,2.75,2.75
912,1,4.5,3.75,4,3.25,4,5,4,2.75
913,1,1.5,1.5,1.25,2,1.75,2.5,2.5,2
914,1,2.5,2.25,2,2,2,3,3,1.75
915,1,2.25,2.25,2.75,1.75,2.75,1,2.25,1.5
916,1,2.5,3,3,2.75,2.25,3,2.75,3
917,1,1,1.25,2.25,1.75,1.75,1.75,2.5,1
918,1,1,2,2.5,2.75,1,1.5,2.25,2.25
919,1,1.5,1.5,1.25,2,1.5,2.25,2.25,1.25
920,1,2.25,3,3.5,3.5,2,2.25,3.25,1.75
921,1,2.25,2.75,3.75,3,2,2.5,2.75,3
922,1,2,1.5,2,2.5,2.25,2,2.25,1.75
923,1,2.25,2.75,2.75,1.25,2.75,2,2.5,1
924,1,1,2.25,2,2.25,2.5,2.5,2,3
925,1,2.5,2.5,2.75,2.25,3.75,3.5,3,2.5
926,1,2.5,2.25,2.5,2.75,3.25,2,2.25,3.25
927,1,4,4.25,3.25,3.25,3.25,3,3.5,3
928,1,2.5,2.5,2.5,2,2.75,2.5,2.75,2.5
929,1,1,1.25,1.5,1.25,1.25,1,1.25,1
930,1,1.5,2,2.25,2.75,2,1.5,1.75,1.5
931,1,3.5,3.25,2.75,3.25,3,2.25,3,3.25
932,1,1,2.25,2.25,1,1.5,2.75,3,2.5
933,1,1.75,1,1,1.25,2.5,2.25,1.75,1.75
934,1,2.25,2.5,2,3.5,2.25,3.25,4,3.5
935,1,1,1.25,1,1,1.25,1,1,2
936,1,2.5,3,2.75,4,2.25,2.75,2.75,3
937,1,1.25,2.5,3.25,3.75,1.25,2.75,2.75,3.5
938,1,1,1,1.25,1.75,1,1,1.5,1.25
939,1,1.75,1.75,1.75,1.25,2.5,1.75,1.5,1.25
940,1,2.25,2.75,3,3,3,3.25,3.5,2.75
941,1,1.75,2,2.75,2.25,2.25,2.25,2.75,2.75
942,1,1.75,1.25,2,3,2.5,2.25,2.5,2.25
943,1,1,1,2.25,1.25,1.5,2,3.5,3
944,1,1.75,1.75,3.25,2.75,2,2.5,3.5,3.25
945,1,1.75,2,2.75,2.75,1,1.25,2.5,2
946,1,2.5,2.25,1.5,2.75,3.5,2.25,2.25,3.5
947,1,1.25,1,2.25,1.25,1.75,1,1.25,1.5
948,1,2.75,1.75,1.75,1.75,1.5,1,1.75,1
949,1,1,1.75,2.5,2.5,2,3.25,3.5,3.25
950,1,2.5,3.25,3.25,4,2.5,2.75,2,2.75
951,1,2.5,2.25,2.25,1.25,1.5,2,2,1.5
952,1,2,3,3.25,2.25,1.5,2.25,2.25,2
953,1,3,1.5,1,1.25,2.25,2,1.5,1.75
954,1,3,2.25,2,1.75,3.25,2.75,2.75,2
955,1,1.5,1,1.75,1.75,2,1.5,2.25,2
956,1,2.25,3,3.75,2.75,2,3,3,3.5
957,1,3,3.25,2.75,2.75,2.5,2.75,3,3
958,1,1.75,1.75,2.25,1.5,1.75,2,2,2
959,1,1.25,2.5,3,3.25,1.75,2.25,2.75,3
960,1,1.5,2.25,2,2.75,1.75,1.75,1.5,2.25
961,1,1.5,3.25,4,3.75,2,3,3.25,3
962,1,1,1.25,2,1.25,1,1,2.25,1
963,1,1,1.5,1,1.25,1,1,1,1
964,1,2,2.25,4.25,3.5,1,2,2.5,2
965,1,2,1.75,2.5,2.5,2.5,3.5,3.25,2.75
966,1,3.25,2.5,2.5,3,2.5,2.5,2.25,3.25
967,1,2.5,2.75,3.5,3,3.25,3.25,2.5,3.25
968,1,1.75,2.25,2.25,1.75,2.75,3.25,3,3
969,1,1.75,2.5,2.25,3,2.25,2,2,2.5
970,1,1.5,1.25,1.5,1.75,2,2.25,2.75,2.5
971,1,2.75,2.5,2.75,2.5,2.5,2.75,2.25,2
972,1,1.5,2.25,2.75,3,2,2.5,2,2.5
973,1,1.25,2.25,2.75,2,1.5,2,2.75,2.25
974,1,2.25,2.5,3,3,3,3,3.75,4
975,1,3.5,3,2.5,2.5,1.75,2.75,2.75,3
976,1,2.25,1.5,2,2.25,2.25,2.25,2,1.75
977,1,2.75,2.75,2.25,3,2,2.75,2,2.75
978,1,2,2.25,2.75,2.5,2,2.75,2.75,2.25
979,1,2,1.75,1.25,1,2.75,2.25,2,2.5
980,1,2.75,1.5,2.75,1.5,2.25,2.5,3,3
981,1,1,1,2,1.5,2.25,1,2.75,2.25
982,1,2.5,3,2.5,2,2,2.25,2.5,2.5
983,1,2.75,2.5,3,3,3,2.75,2.75,3.25
984,1,3,2.25,1.75,3.25,1.5,2.25,1.75,2
985,1,1.5,1.75,3,2.75,1,2.25,3,2.25
986,1,2.25,2.5,2,1,2.25,2.25,1.5,1.25
987,1,2.5,4.25,3.25,3.5,2.75,4,3.75,3.5
988,1,1,1.25,1.25,1.25,1,1.5,1.5,1.5
989,1,1.75,1,1,1.5,2.5,2,1.5,2
990,1,1.75,2,1.75,2.75,1.75,2.25,2.75,3
991,1,1.25,1,2,1.75,2.25,2.5,2.75,2.5
992,1,2.25,2.75,3.5,2.5,2.5,3,3.5,3.75
993,1,2.5,2.75,3.25,3.75,2.75,2.25,3,3.5
994,1,1.75,3,2.25,1.25,1.75,2.25,1.25,1
995,1,2.5,2.5,3.75,3.25,2.25,2,2.75,3
996,1,2.25,2.25,3.5,3.25,3,3.5,3,2.75
997,1,2.25,2.75,2,2.5,1.25,1.5,1,2
998,1,3,2.5,3.25,2.25,2.25,2.5,3.5,3.25
999,1,3.5,2.75,1.75,1.5,3.25,2,2,2
1000,1,3.25,3.75,2.25,3.25,3.25,3.25,4.25,3.5
1001,1,2,2,2,2.5,2.75,3,3.5,2.5
1002,1,2.5,1.25,1,1.75,2.5,2,1.75,1.75
1003,1,3.25,2.25,2.75,2.25,3.5,2.25,2.5,2.75
1004,1,1.5,2,2.75,3,2.25,2.5,2.5,2.25
1005,1,1.25,1,2,2,1,2,2.25,1.75
1006,1,2.75,3.25,3.5,3,2.25,2.75,3,2.75
1007,1,1.5,2,2.75,3.25,2,2,2,2.75
1008,1,2.5,2,3,2.25,2,2.5,3,3.5
1009,1,3,2.25,2.75,2.75,2.25,2.25,2.25,2
1010,1,2,2.75,3.25,3.5,3.25,3.25,3.5,3.25
1011,1,2.75,2.75,2,1,4,4,3.5,2.75
1012,1,1.75,1,1,1,1.75,2,1.25,2.5
1013,1,2.75,2,2,1.25,3.5,3,2.75,2.5
1014,1,2.75,3,3.25,3.75,2.5,2,3,2.5
1015,1,1.75,3.25,2.75,3.25,2.75,2.25,3,2.25
1016,1,2.25,2,2.5,3.25,2.25,1.5,2.75,3
1017,1,1.5,2,1.75,2.75,1,1.5,1.5,2
1018,1,2,3.25,1.5,2,1.75,2,2.5,2
1019,1,1.25,2.25,2,1.75,2,2.25,2.25,2.25
1020,1,1.75,2.5,3,2.5,2.25,2.5,3,2.5
1021,1,1.5,2.5,2.75,3,2.25,2,2.75,2.25
1022,1,1.75,3,2,1.25,1.75,2.25,2,2.75
1023,1,2,1.75,1.25,1.5,2.25,1.75,2,2.25
1024,1,2.75,2.25,2,3,2.75,2.5,2.5,1.5
1025,1,2.25,1.5,1.75,1.5,2.25,2.25,2,1.25
1026,1,2.5,2.75,2.75,2.25,2.5,2.75,2,1.25
1027,1,2.75,2.5,4,3.75,2.25,3.25,3.75,3.75
1028,1,2,3,3,2.75,1.5,2,2.5,1
1029,1,3.25,2.25,3.25,3.75,2.5,2.75,3,2.5
1030,1,2,1.5,2.75,2,2.25,1.5,2.5,1.75
1031,1,1.5,1.75,1,2,3,2.25,2.25,3
1032,1,2,3.25,2.5,3.5,2,2.5,2.75,3.25
1033,1,1.25,1,1.5,1.5,1,1.75,2.5,1
1034,1,2.25,3.75,3.5,3.5,1.75,2.25,3.25,3.5
1035,1,2.75,3.25,2.25,2.5,2.5,3.25,2.25,2
1036,1,1,1.25,1,2.5,2,2,2,3.25
1037,1,2.25,2.5,3.5,2.25,2.25,2.5,2.25,2.75
1038,1,1,1,1.75,2.75,1,1,1.75,1.75
1039,1,2.5,4,2.75,2.25,2.75,4,2.75,3.5
1040,1,3,3.5,2.25,1.5,2.5,3,2.25,1.75
1041,1,3,3.5,3.25,3,3,3.5,3.75,3
1042,1,2,3,2.25,2,3,3.5,1.75,2.25
1043,1,1,1.25,1.25,1.5,1,1,1,1.5
1044,1,3,2.75,2.75,2.5,2,2.75,3,2
1045,1,2.75,2.5,2,2.5,3,2.75,2.5,3.25
1046,1,1.5,1.75,2,2,1.75,1.75,1.75,2.5
1047,1,2.25,2.5,1.25,2.5,2.25,2.75,2,2.5
1048,1,1.75,1.5,1.75,1.75,2,2,2,2.5
1049,1,1,2,3,2.25,2.75,3.25,3,2
1050,1,1,1.25,1,1.25,2.25,2.5,2,2.75
1051,1,1.5,1,2.5,2.25,1.75,2,3,2.5
1052,1,2,2.5,2.75,2.75,1,1.5,1.75,2.25
1053,1,3.25,4.5,3,2.5,4.25,3.75,2.5,2.5
1054,1,2.25,2.25,2.75,2.75,2,2.5,3,2.25
1055,1,2.75,3,2.5,2.75,2.25,3.75,3,3
1056,1,3,2.75,2.5,2.5,2.75,3,2.5,2.5
1057,1,1.25,2.75,1.75,1.75,2.75,3.25,2.75,2
1058,1,2.5,3,3,3,3.25,3.5,3.75,3.5
1059,1,2,1.5,2.5,2,2.25,1.5,2.25,2
1060,1,2.5,2.75,4.5,5,1.75,4,4.25,5
1061,1,1.75,1.5,1.25,1.75,1,1.25,1.75,2.25
1062,1,1.25,2,1.25,2.25,1,2,1.5,2
1063,1,1.25,1.25,2.75,3.75,2.5,3,3.75,3.25
1064,1,3,3.25,2.75,2.5,2.5,2.75,3.25,2
1065,1,1.75,1.5,1.5,1.75,1.5,1.5,2.25,2.25
1066,1,1.25,2.75,1.75,2.75,2.25,3,2.25,2.5
1067,1,1,2.25,1.25,1.5,2.25,1.5,1.5,1.25
1068,1,3.25,3,2.75,3.75,4,3.5,3.75,2.75
1069,1,2,3,2.25,2.25,1,2,2.25,2.25
1070,1,1,1.5,1.5,2,1.75,2,1.75,2.5
1071,1,2.25,3.5,3.5,3,3.25,3.75,3.5,4
1072,1,3.5,2.75,2.5,3.25,3.25,3.75,3.25,2.25
1073,1,2.25,2.25,2.5,1.5,3.25,3,2.75,3
1074,1,2.5,2.25,3,2.75,1.75,2.75,2.5,3.5
1075,1,2.25,2.5,3,3.5,2.75,1.75,2.75,2.25
1076,1,2.25,2.5,3.25,3.25,2,2.75,3.75,3.25
1077,1,1,1,1,1,1,1,1,1
1078,1,2.25,2.75,3.25,2.5,2,2.5,2.75,2.5
1079,1,1,1,1,1,2,2.5,1.5,1.75
1080,1,2.5,3,2,1.75,2.5,3.25,2.5,2.5
1081,1,2,1,1.5,1,2.25,2,1.5,1.5
1082,1,1.75,1,2.25,2.25,2,2.25,2.25,1.25
1083,1,1,1,1,2,1.25,1.75,3,2
1084,1,1.75,4.25,3.5,3,1.25,3.25,2.75,2.75
1085,1,2,1.5,1.75,2.5,1.25,1,1.5,2.25
1086,1,1,1,1,2.5,1.75,1,1.5,1.5
1087,1,2.25,2.5,2.25,2,2.5,2.5,3,1.75
1088,1,1.5,2,2.5,3,2.75,2,2.5,3
1089,1,2.25,1.75,1.5,1.25,1.75,1.5,1.5,1.5
1090,1,3,2.75,2.5,2.5,3.75,2.5,2.75,3.5
1091,1,2.5,3.5,2,3.75,3.25,2.5,2,1.75
1092,1,3.25,2.5,2.25,2.75,3.5,3,3.5,2.5
1093,1,3,2.75,3,3.5,3,2.5,2,2
1094,1,2.75,2.25,2.25,2.5,2.75,3,3,2
1095,1,2,1.75,2.5,2.5,2.75,2.5,3,3.25
1096,1,3,3.25,3.5,3,3,3,3.25,3.25
1097,1,1.5,1,1,1.75,2.25,1.5,1.25,2
1098,1,1.25,1,1,1.5,1.25,1,1,2
1099,1,1,2.75,2,1.5,1.75,2.5,1.75,1.5
1100,1,1,1,1,1.25,1.75,2,2.5,2.25
1101,1,2.25,3.25,1.25,1.25,2.75,1.5,1.75,2.25
1102,1,2.25,1.5,1,1.25,2,2.25,2,1.5
1103,1,1.75,2.5,1.75,1.25,1.5,2.5,2.5,1.75
1104,1,1.75,2.5,3.75,3.25,2.25,2.5,2.75,2
1105,1,1.25,2.25,2.5,2.5,1.5,2,1.75,2.5
1106,1,2,3,2.5,3.5,2.25,2.5,2,2.75
1107,1,2.25,2.25,1.75,2,1.25,1.5,2,1.5
1108,1,1.75,2.25,2.5,3.25,3,2.25,2.25,3.5
1109,1,1,1.25,1.5,2.25,1,1,1.75,1.25
1110,1,2.25,2.75,2,2,3.25,3,3.25,3
1111,1,2.75,2,1.5,1.5,3,2.25,1.75,2.5
1112,1,1.25,1.75,2,2.25,1.5,2.75,3,3
1113,1,1.75,2.5,2,2,2,2,2.25,2.75
1114,1,3.25,4,3.75,3,3.5,3.5,4,4.5
1115,1,2,2,1.75,2,2.25,2.75,2.5,2.5
1116,1,1.25,1.25,1.5,2.75,1,1.25,1,1.75
1117,1,2.5,2.75,2.75,1.75,2.5,2.5,2.5,2.75
1118,1,1.75,2,2,1.5,2,2.5,2.25,1.25
1119,1,2.75,1.75,1.75,1.75,2.25,2.25,2.25,1.25
1120,1,1.75,2,2,1.25,2.5,3,2.75,1.75
1121,1,2,1.75,3,2.25,2,2,3.75,2.75
1122,1,2.5,3,3.25,3,3.5,3.5,3,3.25
1123,1,3,3,3.25,3,2.75,2.5,2.75,2.5
1124,1,2,1.25,1.75,2.75,2.25,2,1.5,2.75
1125,1,2.25,1.5,1.5,2.25,2.75,2.25,2.75,2.5
1126,1,1.75,1.75,1.5,1.25,1.25,1.5,1.75,1.75
1127,1,2,2.25,2.75,3.5,2,2,2.75,2.5
1128,1,2.5,2,2.5,3.25,2,1.5,2.75,3.5
1129,1,2.25,2.5,2.5,3.25,2.75,2.25,3,3
1130,1,1.25,1.5,1.5,1,2,2,2,2
1131,1,1.25,1,1.5,2,2.25,2.75,2.5,3.25
1132,1,2.25,3,2.75,3.25,3,2.75,3.25,3.25
1133,1,2,2.75,2.25,3,3,2.5,2.25,3.25
1134,1,1.5,1.75,2.75,2.75,2.5,2.75,3.75,3
1135,1,1,1.25,1.25,2,1.5,1.75,1.75,2.75
1136,1,2.75,2.75,3.5,3.5,2.75,3,3.25,3.25
1137,1,2,2,2.75,2,2.25,2.25,2.5,1.25
1138,1,1,1,1,1,2,1.5,1.25,1
1139,1,2,1.5,1.5,3,2.75,3,2.75,2.75
1140,1,1,1.75,2.75,3.75,1.75,1.5,2.25,1.75
1141,1,1.25,2.75,1.75,1.5,2.5,2.75,2.25,2
1142,1,2.25,2,2,2.25,2.5,2,2.25,2.5
1143,1,1.5,2,3.5,2.75,2,2,2.5,2.5
1144,1,2,3,2.5,2.25,3.25,3.25,2.75,2.75
1145,1,2.25,2.25,1.5,1,2.75,3.25,1.75,2
1146,1,1.75,1.75,2.75,1.5,2.5,2.5,3.75,2.75
1147,1,2.5,1.5,2.5,1.25,2.5,2.25,2.25,1
1148,1,2.75,2.75,2.25,2.5,3.25,3,2.75,2
1149,1,2.5,3,2.5,2.5,4,3.5,3,3
1150,1,2.5,2,2.75,2.5,2,2,3,3.25
1151,1,2.75,2.25,2.5,3,2.75,2.25,3.25,2.75
1152,1,4,3.5,4,3.5,3.25,3.5,4.5,3.25
1153,1,2.25,1.25,2,1.5,2.75,2,2.5,2.25
1154,1,1.5,1.5,2,2.25,1,1,2.25,1.25
1155,1,1.5,1,3,2,2.25,2,2.75,2.75
1156,1,1.25,1.5,2.5,2.75,1,1.75,2.5,2
1157,1,1.75,1.5,3.25,3.75,2.5,3.25,4.5,4
1158,1,1.5,1.25,1.75,1.25,3.25,2.75,3,2.5
1159,1,2,1.75,2,2,1.25,2,2.5,1.5
1160,1,1.75,3,2.75,3.5,2,2.5,2.5,3.5
1161,1,3.75,2.75,1.5,2.5,2.75,2.75,2.5,2.75
1162,1,3,3.5,3.5,3.25,3,3,3,2.5
1163,1,3.75,3.25,3,2.5,3,3.25,3.25,2.75
1164,1,1.5,2,1.75,1.5,1.5,1.75,1.75,2
1165,1,1,1.75,2,2,1.25,2,2.25,1.5
1166,1,2,3,3.25,3.5,2.75,3.25,2.75,2.25
1167,1,2.5,1.75,3.5,3,2,3,3,2.75
1168,1,2.75,2.5,1,1.75,4,2.75,2,2.5
1169,1,3,2.75,2.25,2.5,4,2.75,2.75,2.75
1170,1,2.25,3,3.5,3.25,2.25,1.5,3,3.25
1171,1,4.5,3.75,3.75,3.5,4,3.5,3.5,3
1172,1,2,2.5,2.75,3.5,2.75,3.5,4,3.25
1173,1,1.75,2,1.5,2.5,1.25,1.75,1.75,2.25
1174,1,3,3.25,3.25,2.75,2.25,1.75,1.75,2.25
1175,1,1.25,2,1.75,1,2.5,3.25,2,2.5
1176,1,2.75,3,2.25,2.25,3,2.75,2.25,2
1177,1,1.5,2,2.25,1,1.25,2.25,2.5,2
1178,1,2.25,2.75,2.5,2,2.5,3.5,3.25,2.75
1179,1,1.75,1.75,2,1.5,3,2.5,2.75,2.5
1180,1,2,2,2.25,2,1.75,1.75,2.5,1.5
1181,1,1,1.25,2.5,1.75,1,1.5,1.25,1.5
1182,1,2,1.5,1.5,2.25,1.5,2,2.5,2
1183,1,2.25,2.75,3.25,2.75,2.25,2.75,2.25,2.5
1184,1,2,3,2.5,2.5,2.75,3.25,3.75,3.75
1185,1,2.25,2,2.75,2.5,2,1.5,3,3.25
1186,1,3,2,2,2.5,2.25,2.25,2.25,3
1187,1,2.25,2.5,3,3.5,1.5,2.5,2.25,4
1188,1,1.25,1,1.75,2,2,1.5,2,2.25
1189,1,2.25,2.5,3,2,2.25,1.75,2.5,2.5
1190,1,2,2.25,2.5,4.25,2.25,3.25,3,4
1191,1,1,1.5,1.75,2,2,1.75,1.5,1.5
1192,1,1.5,1.5,1.75,1,1.5,1.75,2,1
1193,1,1.75,1.5,1.5,1.5,2.75,1.75,2,1.75
1194,1,2.25,2.25,3,2.75,3.25,2.75,3,3.25
1195,1,1,1,1.5,1,2,2,2.75,1.5
1196,1,2.75,2.5,3,3,3.25,2.5,3,2.5
1197,1,3.75,3.75,3.5,3.25,2.25,3.5,3,2
1198,1,2.25,2.5,1.75,1.75,2.5,2,1.25,1.75
1199,1,2,3,2.25,1.75,2.75,2.75,3,3
1200,1,1.5,1,1.5,2.25,2,1,1.25,1
1201,1,2.5,2,1.75,2,2.5,2.75,2,2.25
1202,1,2.25,1.25,1.75,2.25,1.25,1.25,2.75,2
1203,1,1.75,2.25,2.75,3.5,1.75,2,2.25,2.25
1204,1,2.25,2.75,1.75,1.75,1.25,1.75,1,1
1205,1,1.25,1,1.75,1.5,2.25,1.75,2,1
1206,1,1.25,1.5,1.75,1.5,1.25,1,2,3
1207,1,2.5,2.25,3,3,2,2,1,2.5
1208,1,1,1,1.25,1.5,1.25,1,1.25,2
1209,1,2.5,2,2.5,2,3,2.5,3,1.5
1210,1,2,1.75,2,2.5,2.25,2,2,2.25
1211,1,2.25,2,2.25,1.25,2.25,2,2.5,1.75
1212,1,1.5,2.25,2.25,1.25,2.25,2,2.25,2.75
1213,1,2.25,1,1.25,2.25,2.5,2.25,2.5,2.25
1214,1,1.5,1.25,1.5,1.25,1.5,1.75,1.75,1.75
1215,1,1.25,1.75,2.25,1,1.75,1.25,1.5,1
1216,1,1.25,1,2.25,2.5,2,1.25,1.25,2.25
1217,1,1.5,1,1.5,1.25,2.25,1,2,2
1218,1,1,1.25,2,2.25,2,1.5,2.75,2.25
1219,1,2,2.5,2.5,2.75,2.5,2.25,2.5,2.5
1220,1,2.75,2,2.5,2.5,2,2.25,2.75,1.75
1221,1,3,3.75,4,3.25,3.25,2.5,3.75,3
1222,1,2.5,3,3.5,3.25,1,2.75,3,2.75
1223,1,1.25,1.75,1.5,2,2,1.75,1.75,2.5
1224,1,1.75,1.5,2,2,1.25,1.75,1.5,2
1225,1,3,3,2.75,2.25,3.5,3.75,3.75,3
1226,1,1.5,1,1,1,1.25,1,1.5,1.5
1227,1,1.5,1.75,2.5,2.25,2,2.25,2.75,2.5
1228,1,2.5,2.75,3,2.75,2.5,2.5,2.75,3.5
1229,1,1.5,2,2,2.5,1.25,1.75,1.25,1
1230,1,1,1.75,2.75,3,2.75,2.5,3.25,4.25
1231,1,2.25,2.5,2.75,3,3.5,3,3.75,3.25
1232,1,2,1,1.75,2.25,1.75,1,2,3
1233,1,1,1.25,2,1,1,1,1,1
1234,1,1.25,1.25,1.75,2,1.5,2.5,2,1.25
1235,1,2.5,2,1.5,2,2,2.25,1.75,2
1236,1,1,1,2,1.5,1,1.5,1.5,1.75
1237,1,2,2,2.25,2,2.5,1.75,2,2.25
1238,1,1.75,2.25,2.5,2.25,2.5,1.75,2.5,2.25
1239,1,1.25,1.75,2,1.75,2,2.75,2,2
1240,1,2,2.25,3.25,3,1.75,2,3,3
1241,1,3,2.25,2,2.25,2.25,2.25,2.25,2.25
1242,1,1.25,1,1,1,1.25,1,1,1
1243,1,1.75,1.5,1.5,1.75,2.5,1,2,1.25
1244,1,3,2.75,2.5,3.25,1.5,3.25,3,3.5
1245,1,1.5,1.75,2.25,1.75,1.75,2.25,2,2
1246,1,1,1,1,1,1.75,1.75,1.25,1.75
1247,1,2.25,2.25,3,1.5,2.5,3.25,3.5,3
1248,1,2.75,2.25,1.75,3.5,1.75,1.5,2,2.25
1249,1,3.5,2.5,2.5,1.75,3.5,3.25,3.25,1.75
1250,1,1.25,1,2.75,2.25,1,1.5,2.25,2.5
1251,1,1,2.25,2,2.25,2.5,1.75,1.25,2
1252,1,1.75,2,1.5,2.5,2.75,2.25,2,1.75
1253,1,3,3.25,3.5,3.25,2.75,3.5,3.75,3.25
1254,1,2.75,2,2.75,2,2.25,2.5,3.75,2
1255,1,2.25,2.25,1.25,1,2.75,2,3,2.5
1256,1,1,1,1,1,1,1.25,1.25,1
1257,1,2.75,3.25,3.25,4.25,2,2.25,3,2.75
1258,1,3,2.5,2.75,2.75,2.25,2.25,2.25,1.75
1259,1,1.25,1.75,1.75,1.75,2.25,1.5,2,2
1260,1,1.75,1,1.75,2,1,1,1,1.75
1261,1,2.75,3,3,2,1.25,1.75,2.75,1.5
1262,1,1.25,1,1.75,1.75,2,1.25,1.75,2.5
1263,1,1.25,3.25,2,2.25,3,2.25,2.75,3
1264,1,2.75,2.75,2.75,2.75,3,2.25,2.5,2.25
1265,1,1.5,1,1,1.75,2.25,1.25,2.25,2.75
1266,1,1.5,2,1,1,2.25,2.5,2.5,1.75
1267,1,1.75,2.5,2.75,2,2,3.25,2,2.25
1268,1,1.5,1.75,1.75,2,2.5,2.75,2.75,3
1269,1,1.75,1.75,2.25,2,1.5,1.5,2.75,2.25
1270,1,2.5,2.25,3,2.25,2.75,2.25,2.5,2
1271,1,3,2.75,1.75,2.75,2.75,2,2.75,3.5
1272,1,3.5,3.25,2,3,3,2.5,2,3
1273,1,1.75,1.25,1.25,1.5,2,1.75,2.25,2.5
1274,1,2,2.5,3.25,3.25,2.5,3.5,2.5,3.25
1275,1,3.25,3,2.5,2.75,3.25,3.25,3.25,4.25
1276,1,1.5,1.75,3.25,2.5,1,2,2.5,2.5
1277,1,1,1,3,2.75,2,2.75,3.75,3.25
1278,1,2.75,3.5,2.5,2.5,2.5,3,2.25,1.75
1279,1,1.75,1.5,1,1,2,2,1.5,1.25
1280,1,2,2.5,3,2.25,1.5,2.5,2.25,1.75
1281,1,2,2.5,2.5,1.75,2.5,2,2.75,2.5
1282,1,3.25,3,3,3.25,3,3.5,3.25,2.25
1283,1,2,3.25,3.75,3.75,2.25,2.25,2.5,3.25
1284,1,2,2.75,3.25,2.25,3.25,3.75,4.25,2.75
1285,1,1,1,1.5,1.5,1.75,1.75,2.25,2.75
1286,1,2.75,2.25,3,1.5,3.25,2.5,3.25,2
1287,1,2.5,2.25,1.75,2.75,3,2.5,1.75,3
1288,1,2,2.75,2.75,3,2.25,3.25,3.25,2.5
1289,1,1,2,1.25,2,2.5,2.25,1.75,2.25
1290,1,1,2,1.5,1.75,1.75,1.5,1.25,2.25
1291,1,1.25,1.75,1.25,2.5,1.25,1.5,1.25,1.25
1292,1,2.5,1.75,3,2.75,2.25,1.5,2.75,2.5
1293,1,2.5,2.5,1.75,2,3,4,3.25,3.75
1294,1,1.75,2.25,3.25,3.25,2,2.5,3.5,2.5
1295,1,2.25,2.5,2.25,3,1.5,2.5,2.75,3.25
1296,1,2,2.25,1,1,2.5,2.25,2.25,1.5
1297,1,1.25,2,3,2.75,1.25,1.5,2.25,1.75
1298,1,2,2.25,2.25,2,1,1,1.25,1
1299,1,2.75,2.25,2.25,1.75,3.25,2.25,2,2.25
1300,1,1.75,3,3,2.5,3.25,3.25,4,3.75
1301,1,2.5,2.75,3.75,2.5,4,3.75,3.25,2
1302,1,1.5,2,1.75,1.5,1,1.25,1,2
1303,1,1,1.75,2,2.25,2.25,2,1.75,3.25
1304,1,1.75,1.25,1,1.5,2.75,2.5,2.25,2.25
1305,1,1.5,1.5,1.25,2.25,2,2.5,2.5,2.5
1306,1,1.75,1,1.5,2,1.75,1,1.25,1.25
1307,1,1,1.75,2,3.5,1.25,1.25,2,2.75
1308,1,2.5,3.75,2.75,3.75,2.5,3.25,3.25,3.75
1309,1,2.75,2,2,2.5,2.25,3,2.5,1.75
1310,1,4,3.25,3.75,4,4.25,3.5,3.5,3.5
1311,1,2.5,4,4,3.5,3,4,3.5,3
1312,1,1,1,1,1.25,1,1,1.5,2.25
1313,1,2,2.25,1.25,1.75,2.25,2.25,1.75,1.5
1314,1,2.75,3,2.25,3.25,2.75,3.25,2.75,2.5
1315,1,3,3.75,4,3.5,3.5,3.5,3.5,3.75
1316,1,1.75,2.25,2.75,2,3.5,3,3.5,3
1317,1,2,1.5,2.25,1.25,1.5,1.75,1.75,1
1318,1,1.75,1.5,1.25,2,2,1.75,2.25,2.75
1319,1,3,3,2.75,2.25,2.5,2.5,2.25,2.75
1320,1,1.75,1,3,3.25,2,2.5,3,3.25
1321,1,2.75,3.75,2.75,2.75,2.25,3,3,2.75
1322,1,1.5,2.5,2.75,1.25,1.5,2.25,2,2
1323,1,1,1.75,1.75,2.75,1.75,2.75,2.25,2
1324,1,3,2.75,3.75,2.75,2,2,3.25,2.25
1325,1,1.75,1.75,1,2.5,1.75,1,1,1
1326,1,2.25,2.5,1.75,1.5,2.75,2.75,2,1.75
1327,1,2,3.5,2.75,2.25,2,2.75,3,2.5
1328,1,2.5,2.75,1.25,2.5,3,3.5,2.25,2.75
1329,1,1,1,1.25,1.5,1,1,1,1
1330,1,4,3.75,2.75,3.5,3.75,3,2.5,2
1331,1,3.25,3.75,3.5,4,3.25,3.25,3.75,3.25
1332,1,2,2.75,2,3.25,2,3,1.75,3.25
1333,1,1.75,1.75,1.25,2.25,1.75,2.25,1.75,2.75
1334,1,1,1.25,2.25,2.75,1,1,1,2
1335,1,3.5,1.5,1.5,1.5,2.5,2,2.75,1.25
1336,1,2,2,3,2.5,2.5,3,3.25,2.75
1337,1,3,1.75,3,2.75,2.5,2.5,3.5,2.75
1338,1,3,3.25,3,3.75,3.75,3.5,3.5,3
1339,1,1.75,1.75,1.75,1.25,2,3.5,2.75,2.75
1340,1,1,2,3.5,1.5,1.75,2,2.5,2
1341,1,1.25,1,1,1,1,1.25,1.25,1.5
1342,1,2,1,1,2,2.75,1.5,2.25,3.5
1343,1,2,2.25,1.5,2,2.5,3,2,1.75
1344,1,1.25,1.5,1.75,1,2.75,2.25,2.25,2.25
1345,1,3.5,3.25,2.25,2.75,4.5,4.25,3.75,3.5
1346,1,1.25,2,3,3,1.5,2.25,3.5,3.25
1347,1,2.25,1.75,2,2.25,1.75,2.5,2.75,2.75
1348,1,2,2,2.25,1.25,2.5,2.25,2,2
1349,1,1.5,2.25,2,2,1,1.25,1.5,2.25
1350,1,1.75,3,3,3,1,2.25,2.25,2.25
1351,1,1.75,1,1,1.25,1.5,1.25,1.5,2.75
1352,1,1.75,2.5,2,2.5,2,2,2.5,3
1353,1,1.25,1.5,2,1.75,1,1.75,2.25,2
1354,1,1.75,1.25,1,2,2.25,3.25,2.5,3.25
1355,1,3,2.25,1,1.25,2.25,2.5,1.5,2
1356,1,1.25,1.75,2.25,2.25,1.25,2,2,1.5
1357,1,1.5,2,2.25,2.75,1.75,2.25,2.75,3
1358,1,1.5,1.75,1.25,2,2.5,2,2.5,2.5
1359,1,2.5,3,2.25,2.75,2.5,2.75,2.75,3.5
1360,1,1.5,3.25,4,3.25,1.25,2.75,3,3.25
1361,1,2.25,2.75,2.75,2,3.5,2.75,2.75,2.75
1362,1,1.75,2.5,2,2.25,3.75,3.75,3,2.75
1363,1,3,3.5,3.25,2,2.5,2.5,3.5,3.25
1364,1,2.5,2.25,2.5,2.25,2,2.25,1.5,2.5
1365,1,2.25,2.25,3.25,2.5,2.25,1.25,2,3
1366,1,2,2,2.25,2.25,2,1.75,2.75,2.25
1367,1,3.75,2.75,2.25,2,3.25,2.5,2.75,3
1368,1,3,3.25,2,1.75,2.5,3.5,2.75,2.75
1369,1,2,2,1.75,2.5,2.25,2.75,2.5,2
1370,1,1,1,1.25,1.25,1,1.75,1,1.75
1371,1,2.25,2.75,2.25,2.5,2,3,2.75,2
1372,1,2.5,2.75,2.75,3,2.75,2.5,2.25,2.5
1373,1,1,1,1,2,1.5,1.75,1.25,1.25
1374,1,1.75,1.75,1.75,2.5,3.25,3.25,3,3.25
1375,1,2.25,2.5,2.25,2.25,2.25,1.75,2.5,1.25
1376,1,1,2.5,2.25,1.75,2,1.5,2.25,2.5
1377,1,2.75,2.25,3,1.75,2.5,2.5,3,2.75
1378,1,1.75,2.75,3,2.75,1.75,2.25,2.75,2.75
1379,1,2.75,2.5,2,2,2.25,2,2,1.5
1380,1,2.25,2.75,2.5,3,2.5,2.75,2.5,4
1381,1,1,1.5,1.25,1,1.5,1.5,1.5,1.75
1382,1,2,2,2.25,1.75,2.5,1.5,2.25,2.5
1383,1,1,1.75,2,3,1.25,2.5,2.5,3.25
1384,1,4,2.75,3,2.75,3,3,2.75,2
1385,1,3,2,2.25,3.25,3.25,2.25,3.25,3.75
1386,1,3,2.75,2.75,3.25,3.25,2.5,3,3
1387,1,1,1.75,1.5,2.25,1.5,1.5,2,2
1388,1,3.25,3.25,2.75,3,3.5,3.75,3.75,3.25
1389,1,2.25,2.25,3.25,3.25,2.75,2.25,2.75,2
1390,1,2,1.5,2.25,3,1.75,2.5,2.25,2.25
1391,1,2,2,2.75,2.75,1.5,2,2.25,2
1392,1,1,1.25,1.5,1.25,1,1,1,1.25
1393,1,2.75,1,1.25,1,2.5,1.75,1.75,1.75
1394,1,2,2,3,3,2.25,3,2.25,2.25
1395,1,2.5,1,1,1.25,2,1,1.25,1
1396,1,2.5,3,2.5,3.25,2,2.5,2,2.5
1397,1,2.25,2,2.5,3,2.75,3,2.75,2.5
1398,1,2.5,1.75,2,1.75,2.75,1.75,2,1.75
1399,1,2.5,3.5,3,2.5,3.5,3.25,2.75,3.25
1400,1,2.5,3.25,3.25,2.5,3.5,3.25,3.25,2.75
1401,1,1.75,2.5,3.25,2.25,2.5,3,3,3.25
1402,1,1.75,1.75,2.75,2.25,2.25,3,3.5,2.25
1403,1,3.75,4.5,4,3.5,3.5,3.25,3.75,3.5
1404,1,1.75,1.75,3,2.5,1.25,1.5,1.75,2
1405,1,3.5,3.75,3.25,2.75,2.5,4,3.5,3.25
1406,1,2.5,3.25,3,2.5,2.75,2.5,1.75,2.75
1407,1,1.25,2.25,2.75,2.25,1.5,1.25,1.75,1.5
1408,1,1.75,1.5,2.5,3,2.75,2.75,3,1.75
1409,1,3.5,4,2.25,3.25,3,3,2.75,2.5
1410,1,1,2.25,3,3,1,3,4,3.25
1411,1,1.5,2.75,1.75,2.5,3,3.25,2.5,2.5
1412,1,2.25,2.75,2,2.75,2.25,2.25,1.5,2.5
1413,1,4.25,3.5,3.25,3.25,3,4.25,3.5,3
1414,1,1,1,1,1.5,1.75,1.5,1.75,1.5
1415,1,2.5,3.25,2.75,2.75,3.25,3.5,3.5,4.75
1416,1,2,2.75,1.75,1.5,2.25,1.75,1.75,1.5
1417,1,2.25,3,4.25,2.75,2,1.5,2.75,2.5
1418,1,1.75,1.25,2,2.75,2,1,1.75,3
1419,1,2.25,1.75,2,1.5,2.75,2.25,2.75,2.75
1420,1,3,3,3.75,2.75,3,3.75,4,3.25
1421,1,2.75,3.25,3,3.25,2.5,3.25,3.25,3
1422,1,2.25,1.75,1.25,1,3.5,2,1.75,1.5
1423,1,2.25,3,2.75,2.5,3.25,3,3.25,3.25
1424,1,1.75,2,2,3,1.75,2.75,3,2.75
1425,1,2,2,2.25,2.5,1.75,2,2.25,2.25
1426,1,1.5,1,1.75,2,1.5,1,1,2
1427,1,2.25,2.5,3.5,3,3.75,3.75,4.75,3
1428,1,3,2.75,2.75,2.75,2.75,2.5,3,2.25
1429,1,2.5,2.5,2.25,2,2.25,2,2,2.75
1430,1,1,1,1.25,1.25,1,1.75,1.25,1.25
1431,1,3,3.25,3.25,3,2.5,2.5,2.25,1.75
1432,1,2.25,1.5,1.75,1.75,2.5,2.25,1.75,2.75
1433,1,3.5,2.5,2.5,2.75,2.25,1.5,1.5,1
1434,1,2.75,3.5,3.5,2.75,3,2.5,3.25,2.5
1435,1,1.25,1.75,2,2.25,2.5,2.25,3,2
1436,1,2,1.5,1.25,2,1.75,1,1.5,2
1437,1,1,1.5,1.5,2.5,1.5,1,2,2.25
1438,1,1.5,1,1.75,1.25,2,2.25,2.25,2
1439,1,3.25,2.5,2.75,3.5,3.5,2,2,3
1440,1,2.25,2.5,2,2.5,3,2.75,2.5,3
1441,1,2,1.25,2.75,2.25,2.25,2.75,2.75,3.25
1442,1,1.5,2.5,3.25,3.25,1.25,2,2.5,2.5
1443,1,1.5,3.25,1.75,2.5,2,2.25,1.5,2.25
1444,1,2,1.25,2.25,2,1.75,2.5,2.75,2
1445,1,2.5,3.25,3,2.5,1.5,3.25,2.75,1.25
1446,1,1,1,1.25,2,1.5,1.75,1.75,2.25
1447,1,2,2.25,2.75,3,1.75,2.75,3,3
1448,1,1,1,1,1,1.75,1,1.25,1.25
1449,1,2.25,1.75,1,1.25,2.25,2.25,2.75,3
1450,1,2.25,3,3,3,2.75,2.75,2.25,2
1451,1,1,1.75,1.5,1,1,2,1,1.25
1452,1,3,3,3.5,3.75,2.5,2.75,3.25,3.5
1453,1,2.5,4.75,4.25,4.25,2.5,4.25,4.5,3.75
1454,1,2.5,1.75,2,2,1.5,2,2.25,2
1455,1,1.5,3,2.5,3,2,2.75,2,2
1456,1,3.25,3.5,2.75,3.25,3,2.5,3.5,2.75
1457,1,1.25,2,1.75,1.75,1.25,1,1,1.75
1458,1,1,1,2,2.25,2.25,2.25,2.25,2.75
1459,1,1.5,2.75,2.5,2.5,1.75,2.5,2.25,1.75
1460,1,1,1.75,1.25,1,1.25,1.75,1.25,1
1461,1,1,1,2.5,2.25,1,1,1.5,2
1462,1,2.5,2.75,2.25,2.25,2.5,2.75,2.5,2.75
1463,1,1.25,3.5,2.25,2.25,2.25,2.75,2.25,2.25
1464,1,2,2.5,2,2.5,2.25,2,2.25,2.75
1465,1,2.75,3.25,2.5,2.75,3.75,4.25,3.25,3.5
1466,1,1,2,3,2.25,2.25,2,2.5,3.75
1467,1,2.25,2,2.75,2.5,1.75,1,2.5,2.75
1468,1,1,2,2.25,2.5,1.25,2.25,2.5,2
1469,1,2.5,2.5,1.5,2.25,2,2.5,2,2
1470,1,3,2,2.5,3.75,2.5,1.75,3.25,3
1471,1,2.75,2.5,2.25,3.75,4.25,3,3.5,3.75
1472,1,1.75,2.25,2.75,3,2,2.75,2,2.5
1473,1,2.5,2.75,2.5,2.75,2.5,2.25,3,3.5
1474,1,1.75,1.75,2.5,2,1.5,2.5,2.75,3.75
1475,1,1.25,2.25,1.5,3,2,2.25,2,2.75
1476,1,2,1.75,1.5,2.25,2.75,2.75,2.75,1.75
1477,1,1.5,2.75,2.5,2,2,2.5,2.75,2.5
1478,1,1,1,1.75,1.5,1,1,1,1.75
1479,1,1.25,1.75,2,2,1.75,1.75,1.75,1.75
1480,1,2.5,2.25,3.25,2,2.5,2.75,2.75,2.5
1481,1,2.5,1.5,1,1.5,1.75,3,2,1
1482,1,1.75,2.25,1.5,2,2.25,2.75,1.25,2.75
1483,1,2.25,2.5,2.25,2.25,2,2.5,1.5,2.5
1484,1,3.5,3.25,3,4.25,3.75,3.5,3,4
1485,1,3,3,2.75,2.75,3.5,2.75,3,2.5
1486,1,1.5,1.25,2.25,1.75,1.25,1.5,1.75,2.75
1487,1,3,2.75,2.25,3,2.25,1.75,2,2.25
1488,1,1.75,2,1.5,1.25,3,2,2.5,2.75
1489,1,3.5,3.5,2,3,4.5,4,2.5,3.5
1490,1,2.5,1.75,1.5,1.75,2.75,2,2.25,2
1491,1,3,3.25,3,4,1.25,2,2.75,2.5
1492,1,1.5,2,1.75,3,1.25,1.5,1.25,1.25
1493,1,2.25,2.75,2.75,2.75,1.75,1.5,1.75,2.75
1494,1,3.25,2.25,2.75,2.75,2,2.25,2.25,1.75
1495,1,2.75,3,2.25,2.5,2.5,2.75,2.75,1.75
1496,1,2.25,2.25,2.5,2.75,2,2.25,2,1.5
1497,1,1,1.75,2,2.75,1,2.25,2.25,3
1498,1,1.75,2.25,2.5,2.5,1.25,2.25,2.75,2
1499,1,3.25,4,2.75,1.75,2.25,2.5,2,1.5
1500,1,3.25,1.75,1.5,2.5,2.5,1.25,2,2.75
1501,1,1.75,1.5,1.5,1.75,2.25,2.25,1.5,2.5
1502,1,1.25,1.75,2.5,2.25,1.75,2.25,2.75,2.5
1503,1,1.25,2,2.5,2.75,2.25,3.5,2.75,3.25
1504,1,2.5,3.25,1.75,2.5,2.75,2.75,2.5,2.5
1505,1,1,1,2.25,2.5,1,1.25,2.25,2.75
1506,1,1,2,1.75,2,1.75,1.75,1.75,1.75
1507,1,3.25,3.25,2.5,2,2.25,2,1.5,1.75
1508,1,1.75,3,1.25,1.5,2.25,3,1.75,2
