"Person","Male","Drug","SeverityWk0","SeverityWk3"
1,1,1,6,2.5
2,1,1,9,7.5
3,0,0,6,6
4,0,1,6,3.5
5,0,1,8.5,2
6,0,1,5.5,1
7,1,1,5.5,4.5
8,1,1,6.5,4
9,0,0,7,5.5
10,1,1,7,5
11,0,1,5,3
12,0,1,5,3
13,1,1,7,1.5
14,1,1,7,4.5
15,0,1,6.5,6.5
16,0,0,5,5
17,0,1,7.5,4.5
18,1,1,5,4
19,0,0,6.5,6
20,1,1,6,4.5
21,0,1,6,1.5
22,0,0,6,5.5
23,1,0,8.5,8.5
24,1,1,6,4.5
25,1,1,7,4.5
26,1,1,5.5,7
27,1,0,7,5.5
28,0,1,5.5,4.5
29,0,1,5.5,5
30,0,1,8.5,5
31,0,0,8,5.5
32,1,1,8,5.5
33,0,0,5.5,4
34,0,0,6.5,5.5
35,0,1,7,5
36,1,1,6,4
37,0,0,6.5,5.5
38,1,1,6,5.5
39,0,1,7.5,4
40,0,0,6.5,6
41,1,1,7.5,4.5
42,0,1,5.5,1
43,0,1,6,4
44,0,1,5,3.5
45,0,1,7,4
46,0,1,6,6
47,0,1,7,2.5
48,1,1,7,5.5
49,1,1,7.5,5
50,1,1,8,4.5
51,0,1,7,5
52,0,1,5.5,3
53,1,1,5,3.5
54,0,1,6,3.5
55,1,1,6,4
56,1,1,8,4
57,1,1,5.5,1
58,1,1,9,4
59,0,1,7,5
60,1,0,5,2
61,1,0,7.5,6
62,1,1,5.5,4.5
63,0,1,6.5,7
64,1,0,5,3.5
65,1,1,5.5,5.5
66,1,1,6,5.5
67,1,1,6,6.5
68,0,1,6,3.5
69,0,1,6.5,5.5
70,1,1,7,3.5
71,0,1,7,2.5
72,1,0,9,8
73,0,0,6.5,7
74,0,1,6.5,4.5
75,0,1,5.5,4
76,0,1,7.5,5
77,1,1,7.5,5
78,0,0,6,5
79,0,1,7,3.5
80,0,1,6,4
81,1,1,7,5
82,0,0,7,6.5
83,0,1,8,4.5
84,1,1,4.5,3.5
85,0,1,6,3
86,1,1,6.5,5
87,1,1,5.5,3.5
88,0,1,7.5,4.5
89,0,1,4.5,1
90,0,1,6.5,5.5
91,1,1,7,5.5
92,0,0,7,7
93,1,1,6.5,7.5
94,1,0,6.5,7
95,1,1,7.5,4.5
96,0,0,5,6
97,0,1,8,5
98,1,0,5,2
99,1,1,8,5
100,1,1,6.5,3.5
101,0,1,7,4
102,0,1,7.5,3.5
103,0,1,6.5,2.5
104,1,1,7.5,6.5
105,1,0,6,5.5
106,1,1,6.5,3
107,1,1,8,3.5
108,0,0,6.5,5.5
109,0,1,6,6
110,0,1,5.5,5
111,1,1,6.5,4
112,1,1,6.5,4
113,0,0,7,5
114,1,1,8,4.5
115,0,0,6.5,6
116,0,1,5.5,7
117,0,1,6.5,3.5
118,0,1,6.5,5
119,0,0,7,4.5
120,0,0,7,7.5
121,0,0,6,5.5
122,0,1,5,1.5
123,0,1,6.5,4
124,0,1,7.5,2.5
125,0,0,6.5,6.5
126,1,1,6.5,2.5
127,1,1,5,3
128,1,1,7.5,1.5
129,1,1,7,4.5
130,0,1,6,5
131,0,1,8,3
132,0,0,4.5,5
133,0,1,6,3
134,1,0,7.5,9
135,1,0,6.5,7.5
136,0,1,6,3
137,1,1,6,4.5
138,1,1,7.5,3.5
139,0,1,6.5,3.5
140,0,1,6,5.5
141,1,1,5.5,1
142,0,1,6.5,3.5
143,1,0,5,7
144,0,1,7,1
145,1,0,6,3
146,0,1,7,3.5
147,1,1,6.5,7
148,1,1,7.5,3.5
149,0,1,7.5,2
150,0,0,6.5,4.5
151,0,1,7.5,3
152,1,1,6,6.5
153,0,0,6.5,6
154,0,1,5.5,2
155,1,1,6,6
156,0,1,6.5,3.5
157,0,1,5.5,3.5
158,1,1,7,4.5
159,0,1,5.5,2.5
160,0,1,7.5,6
161,0,0,4.5,4.5
162,0,1,6.5,4.5
163,0,1,6.5,2.5
164,0,1,6,3.5
165,0,0,9,6.5
166,0,1,7,6
167,0,1,5.5,4
168,1,1,6.5,5
169,0,0,7,7
170,1,1,8,2
171,0,1,6.5,2.5
172,1,0,5.5,6
173,1,1,8,4
174,0,1,6.5,2
175,1,1,8,5
176,0,0,6,4
177,0,1,6.5,6
178,1,0,8,8
179,1,1,6.5,5
180,0,1,6.5,4
181,1,0,7,6.5
182,0,1,6,5.5
183,1,0,6.5,5
184,0,0,6,7
185,1,1,5.5,3.5
186,0,1,6.5,4.5
187,1,0,5.5,1.5
188,0,1,7,3
189,0,0,6,5.5
190,1,0,7,7.5
191,1,1,6.5,4
192,0,1,6,4.5
193,0,0,7,3
194,0,1,7,5
195,0,1,6.5,5.5
196,0,1,6,3
197,1,1,6.5,2.5
198,0,1,6,4
199,0,1,6.5,5
200,0,1,6,3.5
201,0,1,7,2.5
202,1,1,7.5,4
203,1,1,7,4
204,0,1,7.5,6.5
205,0,1,6,6
206,0,1,7,6
207,0,0,7,6
208,0,1,5,3.5
209,1,1,7,3.5
210,1,1,5.5,4.5
211,0,1,6,3
212,0,1,7,7
213,0,1,6,4
214,1,0,7,7
215,1,1,6.5,5
216,1,1,7,6.5
217,0,1,6,4
218,1,1,5.5,2.5
219,0,1,6,7
220,1,0,7,5
221,0,1,6,4
222,1,0,6.5,6
223,1,1,6,5
224,1,1,5.5,3.5
225,0,0,9,7.5
226,0,0,6,2
227,1,1,7.5,3.5
228,0,1,6.5,2.5
229,0,1,6.5,3
230,0,1,7,6.5
231,0,1,6,2.5
232,0,1,5.5,2.5
233,1,1,5.5,5
234,1,1,6.5,3
235,1,1,7.5,3
236,1,0,5.5,6
237,0,0,6,2.5
238,0,1,6,7
239,1,0,8.5,8
240,0,1,7,4
241,0,1,6.5,5
242,0,0,7,5
243,0,1,5,1
244,0,0,6,3.5
245,1,1,8.5,4
246,1,1,8.5,4
247,1,1,7.5,5
248,1,1,6,4
249,0,1,5.5,7.5
250,1,1,6.5,8
251,0,0,5,4
252,0,1,5.5,3
253,1,1,7,5
254,1,1,6.5,3
255,0,1,6.5,6.5
256,1,0,6,5.5
257,0,1,9,6
258,0,1,5.5,4
259,1,1,6,5.5
260,0,1,4.5,3
261,0,0,6.5,4
262,1,1,6,5
263,0,1,5,3.5
264,0,0,7,6.5
265,1,1,6.5,4
266,0,0,6.5,5.5
267,1,1,8,5.5
268,1,1,7,5.5
269,0,1,7.5,5.5
270,1,1,8.5,4.5
271,1,1,6.5,6
272,0,1,4.5,3.5
273,1,1,7,7
274,0,1,7.5,4.5
275,1,1,8,4.5
276,1,0,7.5,6
277,1,1,6,3.5
278,1,1,5,4
279,1,1,6.5,4
280,1,1,9,4
281,0,1,5.5,2.5
282,1,0,4.5,5.5
283,0,1,7.5,4.5
284,1,1,6.5,1.5
285,0,1,7,6.5
286,0,1,6,2.5
287,0,1,7,3
288,1,1,7,4.5
289,0,1,6.5,1
290,1,1,6,5.5
291,0,1,5,3.5
292,1,0,7,5
293,0,1,7,7
294,0,1,7.5,4
295,1,1,7,3.5
296,0,1,7,6
297,0,1,7,3
298,0,1,5.5,2.5
299,1,1,8,3.5
300,1,0,7.5,6.5
301,0,0,7,4.5
302,0,0,5,6
303,0,1,6.5,4
304,0,1,7.5,4.5
305,1,1,6,4
306,0,1,8.5,3.5
307,1,1,8,2.5
308,0,1,7.5,6
309,0,1,7.5,2.5
310,0,1,6,4
311,1,0,6.5,8.5
312,1,0,7,4
313,1,1,5.5,4.5
314,1,1,6,2
315,1,1,7,6.5
316,1,1,7,3.5
317,0,1,8,6
318,0,0,7,7
319,1,1,6,3
320,0,1,7.5,5.5
321,1,1,5.5,3
322,0,1,8.5,5
323,1,1,5.5,3.5
324,0,1,7.5,4.5
325,0,0,6,6
326,0,1,5.5,2.5
327,1,0,7,6.5
328,0,1,7,4
329,0,1,7,6
330,0,1,5.5,3.5
331,1,1,7,5.5
332,0,1,6,5
333,1,1,6.5,4
334,0,1,5,5
335,0,1,6,3.5
336,1,1,6,3
337,1,1,6.5,7
338,1,1,7,4.5
339,1,1,9,5.5
340,0,1,4.5,6
341,0,0,7,4
342,1,1,7,3
343,0,1,6.5,5
344,0,1,6.5,2.5
345,1,1,7.5,5
346,0,0,7.5,8
347,0,1,8,4.5
348,0,0,7.5,4.5
349,1,1,5,2
350,1,1,7,4
351,0,1,6.5,3.5
352,0,0,6.5,6.5
353,1,1,8,4.5
354,0,1,8.5,4.5
355,0,0,6,6.5
356,0,1,6,3.5
357,1,1,8,6
358,1,1,6,2
359,1,1,7,5
360,1,1,5.5,3.5
361,0,0,6.5,6.5
362,0,0,4.5,4
363,0,1,6.5,4.5
364,1,1,7,4
365,0,1,7,1
366,0,0,4.5,4
367,1,1,7.5,7.5
368,1,0,7.5,8.5
369,1,0,7.5,9
370,1,1,6.5,2.5
371,0,0,5.5,5
372,1,1,7,4.5
373,1,1,5.5,4.5
374,1,0,8,7
375,1,1,9,5.5
376,0,1,7.5,2.5
377,1,1,7,3.5
378,0,1,5.5,5
379,0,1,6,4
380,0,1,7,5
381,1,1,4.5,3
382,0,1,6.5,4.5
383,1,1,5.5,2
384,1,1,7,4
385,0,0,7,5.5
386,1,0,6.5,6.5
387,1,0,5.5,2.5
388,0,0,5.5,3
389,0,1,7,2.5
390,1,1,5,4
391,1,1,4.5,3.5
392,0,0,5.5,4
393,0,1,6.5,1
394,0,1,7,3.5
395,1,1,6,3.5
396,0,0,7.5,5
397,0,1,6.5,7
398,1,0,6,5.5
399,1,0,7,6.5
400,0,1,4.5,3
401,1,0,6,5.5
402,1,1,7,3.5
403,0,1,5.5,3.5
404,1,1,8,4
405,1,0,5,7
406,1,0,7,5
407,0,1,8,6
408,0,1,8,5.5
409,1,1,5.5,3.5
410,1,0,9,7
411,0,1,6.5,4.5
412,1,1,6.5,3
413,0,0,6.5,5
414,0,0,7,6
415,1,1,6,4.5
416,0,1,7,3.5
417,0,1,6,4
418,0,1,6.5,3
419,1,1,6,2
420,1,0,6,6
421,1,1,6,3.5
422,1,0,7,5
423,0,1,6,7.5
424,1,1,5.5,2.5
425,1,1,6.5,2.5
426,1,0,6.5,4
427,0,1,8,9
428,0,1,7,5
429,0,0,6,4
430,0,1,6.5,1
431,1,1,6.5,5.5
432,1,1,7,2.5
433,1,0,4.5,4
434,0,1,7,4
435,0,1,6,3.5
436,1,0,5.5,5.5
437,1,1,6,4
