ID,Consci1,Consci2,Consci3,Consci4,Consci5,Consci6,EmoStab1,EmoStab2,EmoStab3,EmoStab4,EmoStab5,EmoStab6,OrgCon1,OrgCon2,OrgCon3,OrgCon4,OrgCon5,OrgCon6,WorkBeh1,WorkBeh2,WorkBeh3,WorkBeh4,WorkBeh5,WorkBeh6,Consci,EmoStab,OrgCon,WorkBeh,ConRating
1,5,4,5,5,5,5,4,2,4,4,3,3,5,2,2,2,1,4,1,1,1,1,2,1,4.83,3.33,2.67,1.17,1
2,5,4,5,4,5,3,4,2,4,3,4,1,3,1,3,2,4,4,1,3,2,3,3,3,4.33,3,2.83,2.5,0
3,5,3,5,5,2,1,1,2,2,1,2,2,4,5,5,2,5,5,3,3,3,2,3,3,3.5,1.67,4.33,2.83,0
4,5,5,5,5,5,5,1,5,4,4,4,3,1,2,4,2,1,2,1,1,4,1,2,2,5,3.5,2,1.83,1
5,1,4,4,2,3,4,4,2,2,3,4,4,5,4,1,5,5,2,3,3,5,4,2,3,3,3.17,3.67,3.33,0
6,4,3,2,4,3,5,3,4,5,5,4,5,2,3,2,1,1,3,1,1,1,1,2,2,3.5,4.33,2,1.33,0
7,4,4,4,4,5,5,1,4,5,4,3,3,2,1,2,2,2,5,2,1,1,1,1,1,4.33,3.33,2.33,1.17,0
8,5,5,5,5,4,5,3,1,1,1,2,3,5,5,4,4,4,5,1,1,2,1,3,3,4.83,1.83,4.5,1.83,1
9,5,3,5,5,5,5,5,5,5,5,5,4,1,1,1,1,1,1,2,2,3,2,2,2,4.67,4.83,1,2.17,1
10,3,1,5,4,3,1,4,4,1,4,4,3,3,4,2,2,3,5,1,2,3,1,2,3,2.83,3.33,3.17,2,0
11,1,3,4,4,2,3,1,4,4,1,2,2,4,4,4,4,2,2,1,2,3,2,3,1,2.83,2.33,3.33,2,0
12,4,5,4,3,4,4,4,1,5,4,4,4,3,3,2,3,3,2,1,1,2,1,1,1,4,3.67,2.67,1.17,0
13,1,1,1,3,2,4,1,3,3,3,3,3,2,3,1,2,3,2,2,1,1,2,1,1,2,2.67,2.17,1.33,0
14,4,4,4,4,3,5,1,2,3,1,1,1,2,2,2,1,1,2,1,1,1,1,1,1,4,1.5,1.67,1,0
15,5,5,4,5,5,5,5,4,4,5,4,5,3,2,4,5,4,2,2,2,1,1,1,1,4.83,4.5,3.33,1.33,1
16,5,2,5,4,3,5,5,4,4,5,5,5,5,4,4,5,4,5,2,2,2,1,2,3,4,4.67,4.5,2,0
17,5,5,5,4,5,5,1,1,2,1,2,3,2,5,2,2,3,2,3,1,1,2,2,1,4.83,1.67,2.67,1.67,1
18,4,2,1,4,4,5,2,2,1,4,3,4,4,2,2,4,2,4,2,2,1,1,1,3,3.33,2.67,3,1.67,0
19,4,5,4,4,5,4,5,3,4,5,4,3,1,2,3,1,1,2,1,2,1,2,2,2,4.33,4,1.67,1.67,0
20,5,5,5,3,4,5,1,1,3,1,1,1,1,2,2,4,2,2,1,2,1,1,1,1,4.5,1.33,2.17,1.17,1
21,1,4,3,1,4,2,3,1,3,2,2,3,4,3,3,4,5,4,1,2,1,2,1,2,2.5,2.33,3.83,1.5,0
22,3,5,5,4,4,5,2,2,2,3,4,4,2,1,1,2,3,1,1,3,1,1,1,1,4.33,2.83,1.67,1.33,0
23,4,3,2,3,4,5,2,4,1,1,4,1,5,4,5,2,5,5,2,3,2,3,1,3,3.5,2.17,4.33,2.33,0
24,2,1,1,1,1,1,4,3,4,2,3,4,2,2,2,1,1,2,1,1,2,1,1,1,1.17,3.33,1.67,1.17,0
25,1,4,1,3,2,3,1,2,4,3,1,3,4,3,4,2,2,2,2,2,3,2,3,2,2.33,2.33,2.83,2.33,0
26,2,3,3,4,3,5,5,4,2,3,5,5,1,1,1,1,1,1,1,2,1,1,1,2,3.33,4,1,1.33,0
27,4,5,4,4,2,5,2,1,2,2,2,1,2,5,3,3,5,2,1,3,2,1,2,2,4,1.67,3.33,1.83,0
28,5,5,5,5,5,5,4,5,5,5,5,4,2,2,1,2,2,5,1,1,1,1,2,2,5,4.67,2.33,1.33,1
29,3,5,5,3,4,5,5,4,3,4,5,3,3,4,3,5,3,4,3,1,1,1,2,1,4.17,4,3.67,1.5,0
30,4,5,5,5,5,5,3,4,4,3,2,4,5,3,3,5,4,5,1,3,1,2,1,2,4.83,3.33,4.17,1.67,1
31,5,5,4,5,5,5,4,2,4,5,4,2,1,1,2,5,2,2,1,1,1,1,1,1,4.83,3.5,2.17,1,1
32,4,5,5,5,5,5,1,2,1,1,4,1,2,5,3,2,2,2,2,2,1,1,1,1,4.83,1.67,2.67,1.33,1
33,4,2,4,3,3,5,1,2,2,1,3,1,1,2,2,2,3,1,2,1,3,2,1,1,3.5,1.67,1.83,1.67,0
34,5,4,5,5,4,4,4,5,4,5,1,3,1,4,3,4,5,3,3,2,3,2,1,3,4.5,3.67,3.33,2.33,1
35,3,4,5,2,4,5,4,3,3,3,2,2,1,1,2,1,2,1,2,2,1,1,1,2,3.83,2.83,1.33,1.5,0
36,5,5,5,5,4,5,5,4,5,5,5,5,3,3,5,4,4,2,1,1,1,1,1,2,4.83,4.83,3.5,1.17,1
37,3,1,2,4,4,3,1,4,1,2,2,1,5,3,3,4,2,3,2,2,1,2,1,1,2.83,1.83,3.33,1.5,0
38,4,4,4,5,4,4,3,4,3,4,2,4,5,2,2,2,3,5,1,3,2,1,2,3,4.17,3.33,3.17,2,0
39,3,4,2,4,3,3,3,3,4,3,3,1,1,1,2,2,1,2,1,1,1,1,1,2,3.17,2.83,1.5,1.17,0
40,5,4,2,4,4,3,3,3,4,4,4,4,3,2,1,1,1,1,2,1,1,2,1,1,3.67,3.67,1.5,1.33,0
41,1,4,4,3,4,3,3,3,4,4,1,4,5,5,4,5,5,5,3,2,2,2,2,3,3.17,3.17,4.83,2.33,0
42,5,5,5,5,5,5,1,1,2,1,1,2,3,2,2,1,1,2,2,2,1,2,1,2,5,1.33,1.83,1.67,1
43,5,3,2,4,5,4,5,5,5,4,4,5,4,2,5,2,3,5,5,4,3,5,3,3,3.83,4.67,3.5,3.83,0
44,5,5,5,5,5,5,2,5,4,4,4,4,2,1,3,2,3,2,1,1,1,1,1,1,5,3.83,2.17,1,1
45,3,4,4,5,5,2,3,4,5,4,4,3,1,1,1,2,1,4,1,2,1,1,2,1,3.83,3.83,1.67,1.33,0
46,5,5,5,4,5,5,3,3,4,4,4,3,1,2,2,1,3,3,1,3,1,2,1,2,4.83,3.5,2,1.67,1
47,5,5,5,5,5,5,4,4,3,5,5,3,2,2,4,5,2,4,2,3,2,3,1,2,5,4,3.17,2.17,1
48,5,3,4,5,3,5,2,2,1,1,2,1,1,2,2,2,4,2,1,1,1,1,2,2,4.17,1.5,2.17,1.33,0
49,1,5,3,3,5,2,4,4,4,4,3,4,5,5,5,5,5,5,2,3,4,3,4,3,3.17,3.83,5,3.17,0
50,4,3,5,3,3,4,3,5,3,4,4,4,2,4,4,5,5,4,1,2,1,1,2,1,3.67,3.83,4,1.33,0
51,5,4,5,5,5,5,3,3,4,4,2,3,3,3,2,5,4,5,2,1,2,2,2,2,4.83,3.17,3.67,1.83,1
52,5,5,5,4,3,4,3,3,3,2,4,1,3,1,1,1,1,1,2,1,1,2,2,1,4.33,2.67,1.33,1.5,0
53,3,5,5,4,2,2,1,1,2,1,1,3,1,3,3,3,2,2,2,1,1,1,1,1,3.5,1.5,2.33,1.17,0
54,5,4,3,5,4,4,5,5,4,5,5,5,5,2,2,2,3,5,1,1,2,2,3,1,4.17,4.83,3.17,1.67,0
55,5,2,1,5,2,5,3,1,2,1,1,4,1,2,3,2,2,2,1,2,2,1,2,1,3.33,2,2,1.5,0
56,3,5,5,5,4,3,4,2,4,3,3,2,5,4,2,3,5,5,3,2,3,2,1,2,4.17,3,4,2.17,0
57,5,4,4,5,5,5,4,2,2,2,2,2,2,1,1,3,1,2,1,2,2,1,2,1,4.67,2.33,1.67,1.5,1
58,5,3,2,4,3,1,3,5,2,4,4,5,3,3,4,4,4,2,3,1,2,1,1,1,3,3.83,3.33,1.5,0
59,3,2,4,4,4,3,5,5,5,5,5,4,1,3,3,1,5,4,1,1,2,1,1,1,3.33,4.83,2.83,1.17,0
60,5,5,5,3,4,5,4,4,3,5,3,1,1,2,2,2,1,1,1,1,1,1,1,2,4.5,3.33,1.5,1.17,1
61,5,5,5,5,5,5,2,4,1,3,2,4,2,3,4,4,2,2,2,3,1,2,3,5,5,2.67,2.83,2.67,1
62,5,4,5,4,5,5,4,4,4,3,4,4,5,4,5,2,2,2,1,1,1,1,1,1,4.67,3.83,3.33,1,1
63,2,2,3,5,4,3,4,4,2,3,2,5,4,4,2,4,3,2,2,1,1,1,1,1,3.17,3.33,3.17,1.17,0
64,4,5,4,5,5,4,3,4,5,4,4,5,5,5,5,5,4,5,1,1,1,3,1,2,4.5,4.17,4.83,1.5,1
65,3,5,3,4,3,3,4,2,4,4,5,1,3,3,3,5,4,2,1,1,1,2,1,2,3.5,3.33,3.33,1.33,0
66,4,4,3,4,1,3,5,3,5,4,4,4,3,3,2,2,2,2,2,2,2,2,2,1,3.17,4.17,2.33,1.83,0
67,5,4,4,4,2,3,4,1,2,3,4,1,2,2,1,1,3,2,1,1,1,2,2,2,3.67,2.5,1.83,1.5,0
68,5,4,5,5,5,5,5,5,5,5,3,5,5,2,2,1,3,2,1,1,1,1,1,1,4.83,4.67,2.5,1,1
69,3,3,4,2,5,4,4,4,4,4,3,5,2,4,2,5,4,3,3,3,5,2,3,2,3.5,4,3.33,3,0
70,4,4,2,3,2,2,5,4,4,4,4,4,1,2,1,2,2,2,2,1,1,1,1,1,2.83,4.17,1.67,1.17,0
71,2,2,3,4,3,2,4,2,2,1,3,1,3,5,1,3,2,2,2,3,2,1,2,2,2.67,2.17,2.67,2,0
72,1,2,3,4,4,4,5,5,5,4,5,4,5,5,5,5,5,5,4,5,3,4,5,3,3,4.67,5,4,0
73,1,1,3,1,4,1,5,4,4,4,4,4,3,2,3,4,3,2,2,2,2,2,1,3,1.83,4.17,2.83,2,0
74,3,1,2,1,2,1,2,1,1,1,1,1,4,2,2,3,2,4,2,1,1,2,2,3,1.67,1.17,2.83,1.83,0
75,4,1,2,2,2,3,4,5,4,4,5,5,3,2,5,2,2,1,1,1,1,1,1,1,2.33,4.5,2.5,1,0
76,2,3,2,4,3,5,4,4,5,4,4,4,2,1,2,1,1,2,1,1,1,1,1,1,3.17,4.17,1.5,1,0
77,5,5,5,5,5,5,3,2,1,3,3,1,3,3,2,2,3,2,2,2,2,3,3,3,5,2.17,2.5,2.5,1
78,4,4,5,5,4,4,5,4,4,4,3,4,2,1,2,1,1,1,1,1,1,2,1,2,4.33,4,1.33,1.33,0
79,4,4,4,4,5,4,2,3,1,1,1,1,2,2,2,2,4,4,1,1,2,2,1,2,4.17,1.5,2.67,1.5,0
80,5,2,5,4,5,3,4,5,3,3,2,4,5,2,2,2,3,2,1,2,1,1,1,1,4,3.5,2.67,1.17,0
81,3,5,4,4,4,3,5,3,2,4,3,3,2,1,2,1,1,3,2,2,3,2,3,3,3.83,3.33,1.67,2.5,0
82,5,5,5,5,5,5,2,4,5,4,4,4,2,2,3,3,2,2,1,1,2,2,2,1,5,3.83,2.33,1.5,1
83,1,3,3,4,2,3,4,4,4,5,4,3,2,4,4,2,4,3,2,2,2,2,2,1,2.67,4,3.17,1.83,0
84,4,5,5,5,5,5,4,4,4,4,4,5,3,3,3,2,2,2,3,3,2,1,1,3,4.83,4.17,2.5,2.17,1
85,5,4,2,4,5,4,2,3,1,4,4,2,2,3,1,2,4,2,2,3,2,1,1,1,4,2.67,2.33,1.67,0
86,3,2,2,5,5,2,5,4,4,5,2,4,2,4,1,2,2,4,3,1,2,2,1,2,3.17,4,2.5,1.83,0
87,3,1,4,4,5,4,5,5,4,5,5,4,1,2,5,4,4,2,3,1,1,1,1,2,3.5,4.67,3,1.5,0
88,5,5,5,3,4,5,2,2,4,4,4,3,3,2,2,1,3,2,1,1,1,2,1,1,4.5,3.17,2.17,1.17,1
89,5,4,4,4,4,5,2,4,3,4,4,5,2,3,3,2,5,2,1,1,2,2,2,2,4.33,3.67,2.83,1.67,0
90,3,5,4,5,1,2,2,4,1,1,2,1,5,5,4,3,5,2,1,2,2,2,1,2,3.33,1.83,4,1.67,0
91,5,5,4,4,5,2,1,1,1,1,1,1,2,2,1,2,4,2,1,1,1,1,1,1,4.17,1,2.17,1,0
92,5,5,4,4,4,4,2,1,2,2,2,1,2,2,1,4,5,3,2,2,3,1,2,2,4.33,1.67,2.83,2,0
93,5,5,5,5,4,5,1,3,4,3,4,2,2,3,4,2,5,5,2,1,2,1,1,2,4.83,2.83,3.5,1.5,1
94,3,4,3,5,3,4,4,2,1,1,2,3,5,2,3,2,3,2,3,2,1,2,2,2,3.67,2.17,2.83,2,0
95,4,2,5,5,5,5,1,1,3,2,1,3,3,2,3,5,5,4,3,1,1,1,1,2,4.33,1.83,3.67,1.5,0
96,3,5,3,5,5,5,2,1,3,3,4,3,3,3,3,4,3,3,2,2,2,2,1,1,4.33,2.67,3.17,1.67,0
97,4,2,2,1,1,4,5,4,5,4,5,4,5,5,5,5,4,5,4,4,5,5,3,3,2.33,4.5,4.83,4,0
98,5,5,5,5,5,5,5,5,4,4,4,5,5,4,2,2,4,5,1,1,1,1,1,2,5,4.5,3.67,1.17,1
99,5,4,4,5,3,5,4,3,3,4,5,3,2,4,2,4,2,2,1,1,1,1,1,1,4.33,3.67,2.67,1,0
100,3,4,3,4,3,1,5,5,5,4,4,4,2,1,2,2,2,2,2,1,2,1,3,1,3,4.5,1.83,1.67,0
101,1,5,4,3,4,3,4,4,1,3,3,2,3,2,1,5,5,5,1,1,3,2,2,2,3.33,2.83,3.5,1.83,0
102,1,5,1,3,1,1,4,4,4,1,3,1,3,2,3,2,3,2,2,1,1,1,1,1,2,2.83,2.5,1.17,0
103,5,5,5,5,5,5,4,5,5,4,4,4,3,5,3,3,3,4,2,1,1,1,2,1,5,4.33,3.5,1.33,1
104,5,4,5,5,5,5,4,4,4,4,5,5,2,3,2,2,3,2,1,1,1,1,1,1,4.83,4.33,2.33,1,1
105,3,5,4,3,5,4,2,5,4,4,3,4,2,4,2,3,4,5,1,1,2,1,2,3,4,3.67,3.33,1.67,0
106,5,3,4,3,5,4,2,4,5,4,4,3,2,2,2,3,5,2,2,4,2,3,1,2,4,3.67,2.67,2.33,0
107,5,4,5,4,4,5,5,4,4,4,4,5,1,2,2,2,2,2,1,2,1,1,1,1,4.5,4.33,1.83,1.17,1
108,3,2,3,3,3,2,4,3,2,2,4,4,1,2,2,3,2,2,1,1,2,1,2,1,2.67,3.17,2,1.33,0
109,5,5,5,5,5,5,5,5,5,5,5,5,4,2,2,2,2,2,1,1,1,2,1,1,5,5,2.33,1.17,1
110,5,2,4,4,5,2,3,4,4,4,4,2,2,2,2,2,2,1,1,1,1,1,1,1,3.67,3.5,1.83,1,0
111,4,4,5,2,5,4,5,4,4,5,5,5,2,4,4,4,3,5,1,2,1,2,2,3,4,4.67,3.67,1.83,0
112,5,5,5,3,4,5,3,1,1,1,1,2,5,5,5,5,5,5,2,2,2,2,3,3,4.5,1.5,5,2.33,1
113,2,2,2,2,4,3,1,3,1,1,2,4,5,5,4,3,5,3,2,2,4,2,4,3,2.5,2,4.17,2.83,0
114,5,5,5,5,5,5,4,2,4,5,4,5,4,2,2,1,2,4,2,1,1,2,1,1,5,4,2.5,1.33,1
115,4,5,5,5,4,5,3,2,1,2,1,1,3,5,4,3,1,2,2,2,2,2,2,2,4.67,1.67,3,2,1
116,1,1,1,2,2,1,5,5,3,4,4,5,3,3,3,3,4,5,3,3,2,4,2,2,1.33,4.33,3.5,2.67,0
117,4,5,5,5,5,5,4,4,5,4,4,4,5,3,3,2,5,4,1,1,3,2,1,1,4.83,4.17,3.67,1.5,1
118,5,5,4,5,5,4,3,1,4,4,4,3,3,3,3,4,2,5,2,2,2,1,1,1,4.67,3.17,3.33,1.5,1
119,4,5,4,4,4,5,5,2,5,4,3,4,2,1,2,2,2,1,2,2,1,1,1,2,4.33,3.83,1.67,1.5,0
120,4,5,3,4,5,4,4,1,4,4,4,4,4,2,5,2,2,2,3,3,2,2,3,3,4.17,3.5,2.83,2.67,0
121,4,4,4,3,4,4,4,4,5,4,4,4,2,2,5,5,4,4,2,2,2,3,3,3,3.83,4.17,3.67,2.5,0
122,3,4,3,4,5,3,2,4,4,2,3,3,3,2,3,2,2,2,1,1,1,1,2,1,3.67,3,2.33,1.17,0
123,4,5,2,1,2,4,4,4,4,5,5,4,4,3,1,3,2,2,2,2,2,2,1,1,3,4.33,2.5,1.67,0
124,3,1,3,1,5,3,5,5,5,5,4,5,2,3,2,2,1,2,1,1,1,1,2,1,2.67,4.83,2,1.17,0
125,4,4,5,3,2,2,5,4,4,4,5,3,1,2,1,3,2,1,1,1,1,1,1,1,3.33,4.17,1.67,1,0
126,1,3,4,2,4,1,3,1,1,4,4,4,5,4,5,4,5,4,3,3,2,2,3,2,2.5,2.83,4.5,2.5,0
127,5,5,5,5,5,5,2,4,4,5,5,4,5,3,2,3,2,4,1,1,1,1,1,1,5,4,3.17,1,1
128,2,4,4,3,5,5,3,5,5,4,5,3,5,3,3,3,4,4,1,2,2,1,2,1,3.83,4.17,3.67,1.5,0
129,5,3,5,3,5,5,5,4,5,3,4,4,3,5,4,1,4,2,1,2,2,2,1,1,4.33,4.17,3.17,1.5,0
130,2,3,3,2,3,4,4,5,2,2,4,1,3,3,3,5,4,5,2,2,1,2,3,2,2.83,3,3.83,2,0
131,1,1,1,1,3,1,2,3,4,1,5,4,1,3,1,3,2,2,1,2,1,1,1,1,1.33,3.17,2,1.17,0
132,5,5,5,5,5,5,4,2,2,2,1,2,1,3,2,5,2,3,2,3,1,3,1,2,5,2.17,2.67,2,1
133,2,3,5,2,3,3,2,4,2,4,4,3,3,4,2,5,3,4,3,3,3,3,3,3,3,3.17,3.5,3,0
134,5,5,5,5,5,5,5,4,5,4,4,5,2,3,2,1,2,2,2,2,2,2,3,2,5,4.5,2,2.17,1
135,4,4,5,5,4,3,4,5,4,3,4,3,2,2,3,3,2,2,1,1,1,1,1,1,4.17,3.83,2.33,1,0
136,4,5,5,4,5,1,3,4,2,1,1,2,2,5,1,2,3,1,1,1,1,1,1,1,4,2.17,2.33,1,0
137,5,4,5,5,5,5,4,2,2,5,4,4,1,2,2,1,2,1,1,1,1,1,1,1,4.83,3.5,1.5,1,1
138,4,1,1,1,3,1,5,2,4,4,4,4,3,2,3,2,3,2,3,2,3,2,1,3,1.83,3.83,2.5,2.33,0
139,5,5,5,5,4,5,5,5,5,4,5,4,1,2,1,2,1,1,1,1,1,1,1,1,4.83,4.67,1.33,1,1
140,3,3,1,2,4,2,1,1,2,2,2,1,2,5,4,2,3,3,1,1,1,1,2,1,2.5,1.5,3.17,1.17,0
141,3,4,5,5,5,5,4,4,4,4,5,5,1,4,4,3,1,3,3,3,2,1,1,1,4.5,4.33,2.67,1.83,1
142,4,5,3,3,1,3,4,4,1,2,1,1,3,2,2,2,1,1,2,2,3,2,1,2,3.17,2.17,1.83,2,0
143,2,2,3,4,4,4,3,1,1,2,1,2,4,4,4,5,2,5,2,2,2,2,1,2,3.17,1.67,4,1.83,0
144,5,4,4,3,3,5,5,5,3,5,4,4,3,3,2,2,3,3,1,1,1,1,1,1,4,4.33,2.67,1,0
145,1,3,3,4,2,4,2,2,4,3,3,4,5,5,3,3,1,2,1,5,2,2,1,1,2.83,3,3.17,2,0
146,1,2,3,2,2,2,2,3,4,1,4,2,1,2,2,2,1,2,1,1,1,1,2,2,2,2.67,1.67,1.33,0
147,4,5,5,5,3,5,5,5,5,4,4,5,5,1,3,2,2,3,1,1,1,1,2,1,4.5,4.67,2.67,1.17,1
148,5,5,5,5,5,5,5,4,4,3,2,3,1,2,1,2,1,2,4,3,3,3,2,2,5,3.5,1.5,2.83,1
149,5,4,4,5,4,5,3,3,2,1,1,3,1,1,1,3,1,2,1,2,1,1,1,2,4.5,2.17,1.5,1.33,1
150,2,4,3,4,4,1,4,3,4,5,5,4,3,2,2,2,2,3,2,3,2,1,3,1,3,4.17,2.33,2,0
151,2,4,1,1,4,4,2,4,1,3,4,4,3,3,4,2,1,2,2,1,1,1,1,2,2.67,3,2.5,1.33,0
152,3,5,5,1,2,5,3,5,4,4,4,4,4,3,3,3,3,4,1,2,1,2,3,2,3.5,4,3.33,1.83,0
153,3,4,4,5,5,3,5,4,4,5,4,4,2,4,4,2,2,2,3,2,2,3,2,1,4,4.33,2.67,2.17,0
154,3,4,4,5,5,4,4,2,5,4,3,5,2,2,2,4,4,2,1,1,1,1,1,1,4.17,3.83,2.67,1,0
155,4,1,2,2,1,2,4,5,5,5,5,5,5,5,5,5,4,3,5,3,5,3,5,5,2,4.83,4.5,4.33,0
156,3,4,5,4,5,4,4,4,5,4,4,4,4,2,2,2,1,2,2,2,1,2,1,1,4.17,4.17,2.17,1.5,0
157,3,5,5,5,4,5,2,3,1,2,4,3,1,1,1,1,1,1,1,1,1,1,1,1,4.5,2.5,1,1,1
158,4,5,4,5,4,5,5,4,5,5,3,4,1,3,1,1,2,3,1,2,2,1,1,1,4.5,4.33,1.83,1.33,1
159,1,4,3,3,1,3,1,4,4,4,2,3,2,2,3,2,3,2,1,1,2,1,1,1,2.5,3,2.33,1.17,0
160,4,4,5,3,5,5,2,2,2,4,1,2,3,3,2,4,4,2,2,2,1,1,2,2,4.33,2.17,3,1.67,0
161,1,3,3,4,4,4,1,2,1,4,1,1,3,2,2,4,3,5,2,3,2,3,2,1,3.17,1.67,3.17,2.17,0
162,4,4,5,4,3,4,3,3,4,4,1,4,1,3,4,3,2,4,2,1,1,2,1,1,4,3.17,2.83,1.33,0
163,3,4,4,3,2,3,3,2,1,3,3,1,2,1,1,1,2,1,2,1,1,1,1,2,3.17,2.17,1.33,1.33,0
164,4,5,4,5,5,5,1,1,1,1,2,2,3,3,5,4,2,5,1,2,2,2,2,1,4.67,1.33,3.67,1.67,1
165,3,2,3,2,4,2,4,3,2,1,2,3,2,4,2,4,3,3,2,2,2,1,2,2,2.67,2.5,3,1.83,0
166,3,3,1,5,2,2,2,3,2,1,5,1,2,2,2,1,2,5,1,1,1,1,1,1,2.67,2.33,2.33,1,0
167,4,4,3,5,3,1,4,3,3,4,3,2,3,3,5,3,4,2,3,3,5,3,3,3,3.33,3.17,3.33,3.33,0
168,3,3,3,4,3,1,3,1,2,3,1,1,1,1,1,2,2,1,1,1,1,1,1,1,2.83,1.83,1.33,1,0
169,1,2,4,1,2,3,2,1,4,2,2,2,2,2,2,2,3,2,3,2,1,2,2,1,2.17,2.17,2.17,1.83,0
170,2,5,4,4,2,3,2,4,5,4,5,5,1,5,3,2,4,1,2,3,2,3,3,2,3.33,4.17,2.67,2.5,0
171,3,3,2,2,3,2,3,4,3,2,1,4,2,3,4,2,1,3,1,2,1,1,1,1,2.5,2.83,2.5,1.17,0
172,4,5,4,3,4,2,5,4,3,4,5,5,2,1,1,1,1,1,1,2,1,1,1,1,3.67,4.33,1.17,1.17,0
173,5,5,3,3,5,4,4,5,5,4,5,4,1,4,2,2,2,1,2,1,1,1,1,1,4.17,4.5,2,1.17,0
174,4,4,4,3,4,1,4,2,4,3,4,2,2,4,5,3,2,2,3,1,3,4,4,2,3.33,3.17,3,2.83,0
175,5,4,4,3,5,4,5,5,5,5,4,4,3,1,3,3,4,2,1,1,1,1,2,1,4.17,4.67,2.67,1.17,0
176,4,5,5,5,5,4,5,4,5,4,4,5,1,2,2,3,1,1,1,1,1,1,1,1,4.67,4.5,1.67,1,1
177,4,3,2,2,4,2,2,2,2,2,2,4,2,2,4,3,4,3,1,1,1,2,2,1,2.83,2.33,3,1.33,0
178,4,1,4,4,4,5,5,4,3,3,4,4,1,3,2,2,2,5,1,1,1,1,1,2,3.67,3.83,2.5,1.17,0
179,5,5,5,4,5,5,3,4,4,3,3,4,2,1,2,2,1,1,2,2,2,2,1,1,4.83,3.5,1.5,1.67,1
180,5,5,4,3,4,1,1,1,2,2,3,2,2,3,1,2,2,1,3,2,3,2,3,2,3.67,1.83,1.83,2.5,0
181,3,4,4,4,4,4,2,4,3,1,2,2,3,2,2,3,3,2,1,1,2,1,1,1,3.83,2.33,2.5,1.17,0
182,5,5,5,3,5,4,4,3,3,3,2,4,2,5,5,5,5,3,2,3,4,3,5,2,4.5,3.17,4.17,3.17,1
183,5,5,5,5,5,3,5,5,5,5,4,5,2,3,1,1,2,1,1,1,1,1,1,1,4.67,4.83,1.67,1,1
184,5,5,5,5,5,5,4,2,5,3,3,5,2,2,1,4,1,2,3,2,1,2,2,2,5,3.67,2,2,1
185,3,5,5,5,5,5,4,3,2,2,3,3,1,4,2,2,2,2,2,1,2,1,1,1,4.67,2.83,2.17,1.33,1
186,3,4,4,5,4,5,2,2,4,4,4,4,1,2,1,3,1,2,2,1,1,1,1,1,4.17,3.33,1.67,1.17,0
187,4,2,1,3,1,1,4,2,4,1,2,4,5,5,5,3,5,5,1,3,3,2,3,2,2,2.83,4.67,2.33,0
188,5,5,4,5,4,4,3,1,4,4,4,4,2,3,2,2,2,1,1,1,3,1,1,1,4.5,3.33,2,1.33,1
189,1,1,3,4,1,5,2,3,4,3,1,4,1,1,1,1,2,1,1,1,1,1,1,1,2.5,2.83,1.17,1,0
190,5,5,4,4,4,5,3,2,4,4,2,5,3,3,5,2,4,3,2,5,2,2,2,1,4.5,3.33,3.33,2.33,1
191,1,3,3,1,1,4,2,4,4,4,5,4,2,3,2,5,2,3,2,1,1,1,1,2,2.17,3.83,2.83,1.33,0
192,5,5,5,5,5,5,1,3,4,4,4,4,2,2,2,4,2,3,2,1,1,1,1,2,5,3.33,2.5,1.33,1
193,5,5,4,4,3,5,3,4,4,3,1,5,3,4,5,5,2,2,2,1,2,2,1,1,4.33,3.33,3.5,1.5,0
194,4,5,4,4,4,3,4,2,4,3,2,2,5,4,5,5,4,5,5,3,3,3,4,3,4,2.83,4.67,3.5,0
195,3,5,5,2,5,3,4,5,5,4,4,5,2,4,1,2,4,2,1,1,2,1,1,1,3.83,4.5,2.5,1.17,0
196,5,5,4,5,5,5,1,5,4,4,4,4,2,2,4,2,3,3,2,1,1,2,1,1,4.83,3.67,2.67,1.33,1
197,5,3,2,4,2,1,1,1,1,2,3,3,5,2,4,2,3,4,2,3,2,2,3,3,2.83,1.83,3.33,2.5,0
198,5,3,2,2,4,4,5,4,2,1,4,4,2,1,2,2,4,3,2,2,3,2,3,2,3.33,3.33,2.33,2.33,0
199,5,5,5,5,4,4,1,2,3,2,3,3,1,1,2,1,2,1,1,1,2,1,2,1,4.67,2.33,1.33,1.33,1
200,5,5,4,5,5,5,5,5,4,4,4,5,2,3,5,4,3,2,1,1,1,2,1,1,4.83,4.5,3.17,1.17,1
201,5,3,2,3,3,5,4,2,4,4,4,4,2,4,3,1,3,3,2,2,1,2,2,1,3.5,3.67,2.67,1.67,0
202,5,4,5,5,5,5,5,5,5,5,5,5,2,3,2,1,2,2,1,1,1,1,1,1,4.83,5,2,1,1
203,3,2,2,2,5,3,3,3,2,1,1,4,1,2,1,2,2,2,1,1,1,2,2,1,2.83,2.33,1.67,1.33,0
204,3,5,2,3,4,1,3,3,3,2,2,3,4,4,3,5,3,5,4,2,2,2,3,2,3,2.67,4,2.5,0
205,4,2,5,4,5,3,4,5,4,5,5,5,4,3,2,2,4,3,3,2,1,4,2,3,3.83,4.67,3,2.5,0
206,5,4,3,5,4,4,2,4,4,1,3,1,5,3,5,5,4,5,1,2,2,2,2,3,4.17,2.5,4.5,2,0
207,5,4,3,5,3,4,2,2,4,4,4,4,2,1,2,2,1,2,1,1,1,1,1,1,4,3.33,1.67,1,0
208,5,5,5,4,5,5,4,5,5,4,5,4,3,2,5,2,2,5,1,2,2,1,1,2,4.83,4.5,3.17,1.5,1
209,5,5,4,5,5,5,4,2,4,4,3,1,3,3,4,3,3,4,1,1,1,1,1,1,4.83,3,3.33,1,1
210,5,5,5,5,5,5,3,4,2,3,3,1,2,3,2,3,2,1,1,1,1,1,1,1,5,2.67,2.17,1,1
211,2,4,4,5,5,4,4,4,5,5,4,4,1,2,1,1,3,1,1,2,2,1,1,1,4,4.33,1.5,1.33,0
212,4,3,4,3,5,5,4,1,4,1,2,3,2,1,2,3,2,2,2,1,2,2,2,2,4,2.5,2,1.83,0
213,1,1,1,1,1,1,1,1,1,3,4,1,5,4,4,5,5,2,3,3,3,1,2,2,1,1.83,4.17,2.33,0
214,4,5,4,2,1,3,4,5,3,4,4,5,4,3,2,2,2,4,1,1,1,1,1,1,3.17,4.17,2.83,1,0
215,5,5,5,5,5,5,4,4,5,4,4,1,2,3,3,4,2,2,1,1,1,1,1,1,5,3.67,2.67,1,1
216,3,5,4,5,4,5,5,5,4,3,5,4,3,5,1,4,3,3,1,2,2,1,3,2,4.33,4.33,3.17,1.83,0
217,2,3,5,5,4,3,2,4,3,5,3,4,5,4,5,5,4,3,2,2,3,2,2,3,3.67,3.5,4.33,2.33,0
218,4,4,4,3,5,5,4,4,1,1,3,4,3,4,1,4,4,2,1,1,2,1,1,1,4.17,2.83,3,1.17,0
219,5,5,5,5,5,5,4,3,1,1,3,3,2,3,3,2,2,5,1,1,1,1,1,2,5,2.5,2.83,1.17,1
220,5,4,5,4,4,5,5,4,4,3,4,1,5,5,5,4,4,4,2,2,2,3,2,3,4.5,3.5,4.5,2.33,1
221,4,4,4,2,4,3,2,2,1,1,4,4,4,5,4,5,4,4,1,1,2,1,1,1,3.5,2.33,4.33,1.17,0
222,5,5,5,5,5,4,3,3,3,3,3,3,2,3,3,5,2,3,1,1,1,2,1,2,4.83,3,3,1.33,1
223,5,5,5,2,5,5,3,3,4,4,4,3,2,1,3,3,3,1,1,1,1,1,1,1,4.5,3.5,2.17,1,1
224,3,3,3,5,2,2,1,1,3,1,3,1,4,5,4,3,2,5,3,3,2,2,4,1,3,1.67,3.83,2.5,0
225,2,4,1,1,4,3,2,4,4,4,4,3,4,2,5,4,2,3,2,3,2,2,2,2,2.5,3.5,3.33,2.17,0
226,4,2,5,5,4,5,4,4,4,1,1,4,3,1,3,1,3,2,1,2,2,1,1,1,4.17,3,2.17,1.33,0
227,4,3,1,2,5,1,3,1,4,3,1,2,4,3,4,5,3,3,1,2,1,2,2,2,2.67,2.33,3.67,1.67,0
228,1,1,3,3,3,3,2,3,1,1,2,1,2,4,1,2,1,3,1,1,3,2,1,2,2.33,1.67,2.17,1.67,0
229,5,2,5,5,5,5,4,4,2,5,5,4,1,2,1,2,2,1,3,1,1,1,1,1,4.5,4,1.5,1.33,1
230,2,3,5,4,4,5,4,1,4,2,4,4,2,2,1,1,1,1,1,1,1,1,1,1,3.83,3.17,1.33,1,0
231,5,5,5,4,5,5,3,3,2,3,3,2,2,2,1,2,3,4,2,2,3,3,3,1,4.83,2.67,2.33,2.33,1
232,5,5,5,5,5,5,2,3,4,3,3,4,4,3,3,4,4,3,1,1,1,1,2,1,5,3.17,3.5,1.17,1
233,5,4,3,5,1,5,4,4,4,3,3,4,5,3,4,4,5,2,2,1,2,1,1,2,3.83,3.67,3.83,1.5,0
234,1,4,4,5,4,3,2,2,1,3,4,4,3,4,5,3,5,5,2,2,1,1,3,2,3.5,2.67,4.17,1.83,0
235,5,5,2,5,3,3,4,1,2,1,1,4,3,1,2,2,1,5,2,2,1,2,2,2,3.83,2.17,2.33,1.83,0
236,4,4,3,4,5,5,3,3,1,2,2,4,2,2,3,5,4,2,2,3,2,3,2,2,4.17,2.5,3,2.33,0
237,4,5,3,4,4,5,3,2,1,4,1,4,5,4,4,5,3,4,2,1,2,1,2,1,4.17,2.5,4.17,1.5,0
238,5,5,4,4,4,4,5,5,4,3,5,4,1,1,2,1,1,1,2,1,1,2,1,1,4.33,4.33,1.17,1.33,0
239,5,5,5,5,5,5,3,4,1,2,4,1,3,5,5,2,3,5,2,2,1,2,1,1,5,2.5,3.83,1.5,1
240,3,2,4,1,1,1,2,2,3,1,5,3,5,5,3,3,5,3,3,2,2,2,3,2,2,2.67,4,2.33,0
241,2,1,3,2,2,4,4,2,2,1,5,4,3,5,5,4,2,5,4,4,5,5,5,3,2.33,3,4,4.33,0
242,4,5,5,4,5,4,1,4,2,3,3,5,3,5,3,5,2,3,3,2,2,2,1,1,4.5,3,3.5,1.83,1
243,5,4,5,4,4,4,5,3,4,2,4,4,3,3,2,3,2,2,1,3,1,3,1,1,4.33,3.67,2.5,1.67,0
244,5,5,5,5,5,5,1,3,3,1,2,3,1,3,1,1,1,2,1,1,1,1,1,1,5,2.17,1.5,1,1
245,5,5,5,5,5,5,4,3,4,4,4,4,3,1,2,3,4,3,1,1,1,1,1,1,5,3.83,2.67,1,1
246,5,4,4,4,4,4,4,3,5,4,4,5,2,4,4,5,2,2,3,2,1,3,3,4,4.17,4.17,3.17,2.67,0
247,4,3,5,4,5,5,5,5,4,4,5,4,5,5,5,5,5,5,2,1,1,2,2,2,4.33,4.5,5,1.67,0
248,3,5,5,5,4,4,5,4,5,3,4,4,1,4,1,2,2,2,1,1,1,1,1,1,4.33,4.17,2,1,0
249,5,4,4,5,5,3,5,5,4,4,4,3,5,3,1,3,1,2,1,2,5,2,2,1,4.33,4.17,2.5,2.17,0
250,5,4,5,4,5,4,4,4,5,3,5,4,5,3,5,3,2,4,2,2,1,3,2,1,4.5,4.17,3.67,1.83,1
251,5,5,2,5,5,5,4,1,2,1,1,1,1,3,2,2,1,1,1,1,2,1,1,2,4.5,1.67,1.67,1.33,1
252,2,1,1,2,5,2,1,3,4,3,1,4,4,3,4,4,3,2,2,4,3,2,3,2,2.17,2.67,3.33,2.67,0
253,5,5,5,3,4,5,3,4,5,3,2,3,4,3,2,3,5,3,2,2,1,1,1,1,4.5,3.33,3.33,1.33,1
254,5,4,5,5,5,5,3,3,2,1,3,4,4,2,2,2,2,2,2,1,1,1,1,1,4.83,2.67,2.33,1.17,1
255,5,5,4,4,5,5,3,2,4,3,4,4,2,1,2,1,2,1,1,1,1,1,1,1,4.67,3.33,1.5,1,1
256,3,1,5,4,3,3,2,4,2,1,4,2,2,5,3,5,1,5,4,2,1,2,3,2,3.17,2.5,3.5,2.33,0
257,3,3,4,4,4,3,2,2,4,4,4,3,3,3,5,1,2,5,2,2,1,2,1,2,3.5,3.17,3.17,1.67,0
258,4,4,5,3,4,4,3,2,2,4,4,4,4,5,5,4,5,4,2,3,1,4,2,3,4,3.17,4.5,2.5,0
259,2,5,4,4,4,3,3,2,4,4,5,5,2,1,1,1,1,1,1,1,1,1,1,1,3.67,3.83,1.17,1,0
260,5,5,5,5,5,5,4,5,4,4,3,1,2,3,2,1,2,3,2,1,1,1,3,1,5,3.5,2.17,1.5,1
261,4,5,5,5,5,5,4,3,5,2,4,4,1,1,3,4,4,1,1,1,1,1,1,1,4.83,3.67,2.33,1,1
262,4,4,3,5,4,5,4,3,2,1,2,1,5,5,5,5,5,5,1,1,1,2,1,1,4.17,2.17,5,1.17,0
263,4,5,5,5,4,4,3,4,2,1,4,3,3,1,1,2,3,2,3,1,2,1,1,1,4.5,2.83,2,1.5,1
264,4,5,5,4,4,3,5,1,3,4,5,3,2,2,5,4,4,3,2,2,2,3,2,1,4.17,3.5,3.33,2,0
265,5,5,5,5,5,5,3,4,3,4,5,4,2,4,3,2,2,2,1,1,1,1,1,1,5,3.83,2.5,1,1
266,3,2,3,2,4,2,4,2,1,3,1,1,5,5,5,5,4,5,3,3,5,2,2,5,2.67,2,4.83,3.33,0
267,4,3,3,4,5,4,1,1,1,2,3,1,5,4,5,5,5,5,2,2,1,1,1,1,3.83,1.5,4.83,1.33,0
268,4,3,4,5,4,5,3,4,5,5,5,3,2,2,1,2,1,2,1,1,2,1,1,1,4.17,4.17,1.67,1.17,0
269,5,5,3,5,4,5,3,3,1,3,1,2,4,1,4,5,5,4,2,2,1,2,2,2,4.5,2.17,3.83,1.83,1
270,5,3,4,4,4,5,5,5,4,4,4,5,3,2,3,3,5,5,3,2,3,2,3,2,4.17,4.5,3.5,2.5,0
271,4,3,4,2,3,2,4,4,5,4,5,4,3,2,2,2,2,3,1,1,1,2,1,1,3,4.33,2.33,1.17,0
272,3,5,4,3,3,5,4,4,5,5,5,4,2,2,2,1,2,2,2,2,2,2,2,1,3.83,4.5,1.83,1.83,0
273,3,4,2,3,3,1,4,5,4,4,3,4,3,4,5,3,2,2,2,2,1,1,1,3,2.67,4,3.17,1.67,0
274,4,5,5,4,5,5,4,4,4,1,3,3,1,1,2,2,2,2,2,2,3,2,2,1,4.67,3.17,1.67,2,1
275,4,5,5,4,5,5,4,2,3,2,4,1,2,4,4,3,2,2,1,1,2,1,2,1,4.67,2.67,2.83,1.33,1
276,4,5,5,4,3,5,1,1,1,2,2,1,5,4,3,3,5,5,2,3,2,2,2,3,4.33,1.33,4.17,2.33,0
277,5,5,5,3,4,5,2,3,1,4,3,3,2,2,3,1,2,2,1,1,1,1,1,2,4.5,2.67,2,1.17,1
278,5,4,5,5,3,4,3,1,3,4,5,5,5,2,3,1,1,3,1,2,1,1,2,1,4.33,3.5,2.5,1.33,0
279,5,4,5,4,4,5,4,5,3,4,5,4,3,3,2,2,2,2,1,2,1,1,1,1,4.5,4.17,2.33,1.17,1
280,5,5,5,5,5,5,4,5,3,3,4,4,3,2,2,5,3,5,3,3,2,2,4,2,5,3.83,3.33,2.67,1
281,3,1,5,5,2,5,3,2,1,4,1,1,3,3,4,3,3,2,2,2,1,3,2,2,3.5,2,3,2,0
282,5,5,5,5,5,5,3,4,4,2,1,4,2,2,2,2,2,2,1,1,3,2,2,3,5,3,2,2,1
283,3,2,3,4,1,3,3,4,4,3,4,1,2,1,5,4,2,2,2,1,1,1,2,1,2.67,3.17,2.67,1.33,0
284,5,2,5,5,4,3,4,3,4,3,4,5,5,5,2,2,3,5,3,2,2,2,3,1,4,3.83,3.67,2.17,0
285,4,4,4,4,5,4,1,4,1,2,3,4,1,1,1,1,1,1,1,2,1,2,1,2,4.17,2.5,1,1.5,0
286,5,5,4,5,4,5,1,1,3,3,3,4,3,2,2,2,4,4,2,2,3,3,2,3,4.67,2.5,2.83,2.5,1
287,5,5,5,4,5,5,4,5,5,5,4,4,2,1,1,1,1,2,1,1,1,1,1,1,4.83,4.5,1.33,1,1
288,5,4,5,2,5,5,2,4,5,4,5,4,5,4,5,2,5,5,1,1,1,1,1,2,4.33,4,4.33,1.17,0
289,5,4,5,5,4,5,1,1,4,3,4,3,4,5,2,4,5,5,1,2,1,2,2,1,4.67,2.67,4.17,1.5,1
290,4,5,5,3,3,3,1,2,2,3,4,4,3,4,2,5,3,4,1,1,3,2,2,1,3.83,2.67,3.5,1.67,0
291,5,5,4,4,5,5,5,5,4,4,5,4,1,1,1,1,1,1,2,1,1,1,1,1,4.67,4.5,1,1.17,1
292,4,2,4,3,1,3,2,3,4,1,1,1,5,2,5,4,3,4,2,2,2,2,2,3,2.83,2,3.83,2.17,0
293,4,4,5,5,3,5,2,1,1,1,1,1,1,1,1,1,1,3,1,1,1,2,1,1,4.33,1.17,1.33,1.17,0
294,5,2,1,1,3,1,4,2,5,4,4,3,3,4,5,3,4,3,3,1,2,2,3,2,2.17,3.67,3.67,2.17,0
295,5,1,4,3,4,3,1,1,1,1,1,1,5,3,5,5,5,5,3,3,5,4,5,2,3.33,1,4.67,3.67,0
296,5,1,4,3,4,3,4,3,1,3,3,3,4,3,3,3,2,5,3,3,3,5,3,5,3.33,2.83,3.33,3.67,0
297,5,5,5,4,5,5,5,5,4,4,3,4,3,3,2,4,1,2,1,1,1,2,1,1,4.83,4.17,2.5,1.17,1
298,4,5,4,5,4,4,4,3,2,2,4,1,1,3,3,2,2,1,1,2,1,1,1,1,4.33,2.67,2,1.17,0
299,4,5,4,5,5,5,4,4,2,4,3,5,2,2,4,5,2,2,2,1,1,3,1,1,4.67,3.67,2.83,1.5,1
300,5,3,4,4,3,4,5,5,4,4,5,4,3,2,2,2,4,2,1,2,2,1,2,3,3.83,4.5,2.5,1.83,0
301,5,2,5,5,5,5,5,2,4,1,4,1,4,4,4,4,2,4,1,2,1,2,1,3,4.5,2.83,3.67,1.67,1
302,5,5,5,5,5,5,4,4,3,5,5,4,5,3,5,3,5,2,2,1,1,1,1,2,5,4.17,3.83,1.33,1
303,4,4,3,4,3,5,4,1,4,2,4,2,2,1,4,2,4,2,1,1,2,1,2,1,3.83,2.83,2.5,1.33,0
304,5,5,1,3,2,3,4,3,3,4,2,4,2,3,2,1,3,3,3,3,2,2,3,3,3.17,3.33,2.33,2.67,0
305,3,4,4,3,1,3,4,5,5,5,5,4,2,5,2,4,2,3,1,1,1,2,1,1,3,4.67,3,1.17,0
306,5,5,5,5,5,4,3,4,3,4,4,5,4,5,2,4,3,4,2,1,1,1,1,1,4.83,3.83,3.67,1.17,1
307,3,3,1,2,3,1,4,4,5,5,4,5,4,2,5,3,5,2,1,1,2,2,2,1,2.17,4.5,3.5,1.5,0
308,5,5,5,5,5,4,1,3,4,1,4,3,3,3,3,2,2,2,1,1,1,1,1,1,4.83,2.67,2.5,1,1
309,2,4,3,4,3,3,4,3,4,2,4,2,3,4,4,5,5,4,2,2,2,1,2,2,3.17,3.17,4.17,1.83,0
310,5,3,5,4,5,4,3,4,4,4,4,3,5,5,5,5,2,5,3,2,2,2,2,2,4.33,3.67,4.5,2.17,0
311,4,2,5,4,2,4,1,4,1,2,2,3,3,4,3,5,2,4,2,2,3,2,3,3,3.5,2.17,3.5,2.5,0
312,3,3,4,2,5,4,1,1,2,1,1,1,5,3,5,3,4,4,1,3,3,1,2,2,3.5,1.17,4,2,0
313,4,4,4,5,5,5,4,4,4,4,5,5,2,2,5,2,2,2,3,2,1,1,2,1,4.5,4.33,2.5,1.67,1
314,5,5,5,3,3,4,3,4,4,2,5,4,5,4,2,5,3,5,3,1,1,3,3,2,4.17,3.67,4,2.17,0
315,3,5,3,4,5,5,1,2,3,4,1,2,4,2,5,5,2,4,2,1,2,2,1,2,4.17,2.17,3.67,1.67,0
316,4,1,2,1,1,2,3,4,4,5,5,3,3,2,3,4,5,2,3,1,2,2,4,2,1.83,4,3.17,2.33,0
317,1,2,2,2,1,2,4,5,4,4,1,1,2,2,4,2,2,4,1,1,1,1,1,1,1.67,3.17,2.67,1,0
318,5,5,2,5,5,5,4,4,3,4,4,2,5,2,3,4,3,5,1,1,2,2,2,2,4.5,3.5,3.67,1.67,1
319,2,5,5,4,3,4,5,5,4,4,3,5,2,3,2,5,2,2,2,2,2,1,3,1,3.83,4.33,2.67,1.83,0
320,4,3,4,5,5,5,4,5,5,5,4,5,4,3,3,5,3,3,1,1,3,2,2,2,4.33,4.67,3.5,1.83,0
321,5,5,5,3,5,5,5,5,5,4,5,3,3,1,2,2,2,2,1,1,1,2,1,2,4.67,4.5,2,1.33,1
322,2,3,2,1,2,4,3,2,1,3,2,1,2,3,2,2,2,3,1,1,1,1,1,1,2.33,2,2.33,1,0
323,4,4,5,3,4,5,2,2,1,2,3,1,3,2,4,1,2,1,1,1,1,1,1,1,4.17,1.83,2.17,1,0
324,5,4,5,5,4,5,5,5,5,4,4,5,2,1,2,1,2,1,1,2,2,2,3,1,4.67,4.67,1.5,1.83,1
325,1,4,3,4,4,5,2,1,1,3,2,1,3,2,5,2,2,3,1,2,2,1,3,1,3.5,1.67,2.83,1.67,0
326,5,4,5,5,5,5,5,5,4,4,4,4,2,2,2,4,3,2,3,2,3,2,3,3,4.83,4.33,2.5,2.67,1
327,4,5,4,5,4,4,5,4,4,5,5,5,1,1,2,3,1,2,1,2,1,1,1,1,4.33,4.67,1.67,1.17,0
328,4,1,3,4,2,5,1,2,1,4,1,3,3,2,2,2,2,3,2,1,1,3,2,2,3.17,2,2.33,1.83,0
329,4,5,5,5,5,5,3,4,2,4,5,4,1,1,2,3,1,2,2,2,1,1,2,1,4.83,3.67,1.67,1.5,1
330,5,5,5,5,5,5,4,5,5,5,5,5,2,2,4,5,2,5,1,1,1,1,1,1,5,4.83,3.33,1,1
331,5,4,4,4,5,5,2,1,5,1,4,4,5,2,3,3,3,4,3,3,3,3,2,3,4.5,2.83,3.33,2.83,1
332,4,2,3,2,4,4,3,4,4,3,2,3,5,3,5,2,1,2,1,1,1,3,1,1,3.17,3.17,3,1.33,0
333,2,3,5,4,5,3,3,2,4,3,3,3,1,2,1,5,2,2,1,2,2,1,1,3,3.67,3,2.17,1.67,0
334,4,4,2,3,4,4,1,1,1,1,1,1,3,2,2,3,2,1,1,1,1,1,1,1,3.5,1,2.17,1,0
335,5,4,5,5,4,4,5,5,4,4,5,5,5,5,5,4,5,5,1,2,3,3,1,1,4.5,4.67,4.83,1.83,1
336,5,5,4,5,4,5,4,4,4,4,4,4,2,2,3,3,3,2,1,1,1,1,1,1,4.67,4,2.5,1,1
337,5,4,4,4,4,4,4,3,1,3,5,4,2,2,1,2,2,2,1,1,1,1,1,1,4.17,3.33,1.83,1,0
338,5,4,4,2,2,3,5,2,5,4,5,5,2,1,1,1,4,4,1,2,1,1,1,1,3.33,4.33,2.17,1.17,0
339,3,3,5,4,3,3,4,2,5,2,4,4,2,2,2,2,2,2,1,1,1,1,1,2,3.5,3.5,2,1.17,0
340,4,3,3,3,2,2,4,3,3,3,4,4,5,5,3,3,4,5,2,1,3,2,3,3,2.83,3.5,4.17,2.33,0
341,4,5,5,5,4,5,4,4,4,4,4,4,4,4,3,2,2,3,1,1,1,1,1,2,4.67,4,3,1.17,1
342,4,1,4,3,2,4,2,3,2,1,4,1,3,5,5,5,5,1,2,2,2,2,3,1,3,2.17,4,2,0
343,4,5,4,5,5,3,3,4,2,3,5,4,5,3,5,2,4,5,1,1,2,2,2,1,4.33,3.5,4,1.5,0
344,4,3,4,3,1,4,5,1,2,1,2,4,2,2,2,2,2,2,1,1,2,1,1,1,3.17,2.5,2,1.17,0
345,5,5,4,5,4,4,4,5,4,5,5,4,2,2,2,2,2,2,2,1,1,1,1,2,4.5,4.5,2,1.33,1
346,2,4,3,5,4,5,4,3,4,3,3,5,1,3,2,2,2,1,1,1,1,2,2,1,3.83,3.67,1.83,1.33,0
347,5,4,4,5,5,5,3,4,5,4,3,2,2,2,1,2,2,2,1,2,2,1,3,1,4.67,3.5,1.83,1.67,1
348,4,5,2,5,5,5,1,4,3,4,4,4,2,1,2,2,3,2,1,1,1,1,1,2,4.33,3.33,2,1.17,0
349,5,3,5,5,5,4,1,4,5,2,5,3,3,2,2,3,2,1,1,1,1,1,2,1,4.5,3.33,2.17,1.17,1
350,4,2,2,4,1,3,4,5,4,4,3,5,1,2,4,1,2,1,1,2,2,1,1,1,2.67,4.17,1.83,1.33,0
351,5,5,5,4,5,5,3,3,4,5,5,3,1,3,3,4,3,2,1,1,1,2,1,1,4.83,3.83,2.67,1.17,1
352,5,4,4,5,5,5,3,2,4,3,5,4,5,5,5,2,3,4,1,1,1,1,1,1,4.67,3.5,4,1,1
353,4,5,4,3,5,2,4,3,4,3,4,4,3,5,3,2,3,4,2,2,2,2,1,1,3.83,3.67,3.33,1.67,0
354,5,4,5,5,5,4,5,5,5,5,5,5,4,2,2,3,3,2,2,3,4,2,5,2,4.67,5,2.67,3,1
355,4,3,5,5,1,3,4,4,5,4,4,3,2,2,3,2,2,1,1,2,2,2,1,1,3.5,4,2,1.5,0
356,5,5,5,5,5,3,3,5,4,5,4,5,2,5,3,2,2,3,1,2,1,3,2,3,4.67,4.33,2.83,2,1
357,5,4,4,4,4,4,2,1,3,3,3,2,3,3,2,3,4,5,1,1,1,1,1,1,4.17,2.33,3.33,1,0
358,3,1,4,1,3,3,4,3,4,4,4,5,3,5,2,4,2,3,2,2,2,2,2,1,2.5,4,3.17,1.83,0
359,5,4,5,5,4,4,3,2,3,4,2,4,2,5,4,2,2,2,3,2,3,3,2,2,4.5,3,2.83,2.5,1
360,2,3,3,4,3,3,3,1,5,2,2,5,4,5,3,2,1,3,2,1,1,2,2,2,3,3,3,1.67,0
361,4,2,4,2,3,5,5,5,5,5,4,4,2,3,2,4,3,3,1,1,2,1,1,1,3.33,4.67,2.83,1.17,0
362,4,4,5,4,5,5,3,1,3,4,3,3,2,5,2,2,2,4,2,1,1,1,1,2,4.5,2.83,2.83,1.33,1
363,4,3,3,4,5,5,3,5,1,4,4,1,2,5,2,1,1,3,2,1,1,2,1,1,4,3,2.33,1.33,0
364,4,5,5,5,5,5,2,4,1,1,1,3,2,4,4,4,5,4,1,2,1,2,2,1,4.83,2,3.83,1.5,1
365,5,5,5,5,5,5,2,5,4,3,4,4,1,3,4,2,2,2,1,2,2,1,1,2,5,3.67,2.33,1.5,1
366,3,3,5,3,4,5,4,4,5,4,4,5,3,2,3,2,2,2,2,2,2,2,3,3,3.83,4.33,2.33,2.33,0
367,1,1,3,3,1,4,4,2,3,4,3,4,3,3,3,2,5,4,2,2,1,1,1,2,2.17,3.33,3.33,1.5,0
368,4,5,5,4,5,5,4,1,1,3,3,1,2,2,2,2,2,2,1,2,3,3,3,1,4.67,2.17,2,2.17,1
369,5,5,4,5,5,4,2,4,4,4,2,4,1,2,2,1,2,2,1,2,1,2,1,2,4.67,3.33,1.67,1.5,1
370,5,2,4,5,4,5,5,5,5,5,5,5,1,1,1,1,1,1,2,1,1,2,1,1,4.17,5,1,1.33,0
371,2,3,4,5,4,4,4,4,2,2,1,2,5,2,3,4,5,4,2,3,1,2,3,2,3.67,2.5,3.83,2.17,0
372,2,2,1,3,3,3,4,5,4,4,3,4,3,4,5,5,4,3,2,1,2,2,2,2,2.33,4,4,1.83,0
373,3,5,5,4,4,5,4,5,5,5,5,3,2,2,2,2,2,4,1,2,1,1,2,1,4.33,4.5,2.33,1.33,0
374,3,2,3,3,2,5,4,1,2,3,4,2,3,5,3,5,5,5,3,5,3,2,2,3,3,2.67,4.33,3,0
375,2,4,2,4,1,1,4,4,4,2,3,5,2,3,2,1,1,2,2,1,1,2,2,1,2.33,3.67,1.83,1.5,0
376,1,2,3,4,3,3,2,1,1,3,1,1,3,5,2,2,4,3,2,2,1,3,1,2,2.67,1.5,3.17,1.83,0
377,4,5,5,5,4,4,1,4,3,1,1,1,5,5,5,4,4,5,2,2,1,2,1,2,4.5,1.83,4.67,1.67,1
378,2,5,3,4,4,5,2,1,1,3,3,2,5,4,5,3,2,4,2,3,3,3,3,3,3.83,2,3.83,2.83,0
379,5,5,5,5,5,5,5,3,4,5,4,4,2,4,2,1,4,2,1,1,2,1,1,1,5,4.17,2.5,1.17,1
380,4,4,4,4,3,4,2,4,3,4,3,3,4,3,5,3,3,5,2,3,3,3,2,3,3.83,3.17,3.83,2.67,0
381,2,5,3,4,3,5,4,4,5,4,3,3,2,5,3,3,5,2,2,2,2,2,2,3,3.67,3.83,3.33,2.17,0
382,5,3,5,5,5,5,3,5,5,5,4,4,4,2,4,4,3,3,1,2,1,1,1,1,4.67,4.33,3.33,1.17,1
383,5,4,4,4,4,5,1,3,1,3,1,1,3,2,2,2,3,3,3,2,3,3,2,3,4.33,1.67,2.5,2.67,0
384,5,5,4,5,5,5,4,4,3,4,4,4,2,2,2,3,2,3,2,1,1,1,1,2,4.83,3.83,2.33,1.33,1
385,5,5,5,4,5,4,5,4,4,5,4,3,1,2,3,2,2,2,1,1,1,1,1,1,4.67,4.17,2,1,1
386,1,1,2,2,2,1,4,5,5,4,5,3,4,3,3,5,5,5,1,3,3,3,5,3,1.5,4.33,4.17,3,0
387,1,1,1,1,1,2,1,2,1,3,1,3,5,1,2,4,4,4,3,2,1,1,2,3,1.17,1.83,3.33,2,0
388,3,4,3,4,3,3,4,4,4,3,2,5,5,4,2,5,5,5,2,2,1,2,1,2,3.33,3.67,4.33,1.67,0
389,4,3,4,3,4,4,1,2,4,4,3,4,5,5,2,4,1,3,2,2,3,3,2,2,3.67,3,3.33,2.33,0
390,4,2,5,4,4,4,3,1,1,1,1,1,4,3,5,5,4,5,3,2,3,3,4,2,3.83,1.33,4.33,2.83,0
391,5,5,5,5,5,5,5,5,5,5,4,3,5,2,3,4,4,3,1,1,1,1,1,1,5,4.5,3.5,1,1
392,4,4,5,3,3,4,1,4,3,2,2,1,3,3,3,5,4,2,1,3,1,1,3,2,3.83,2.17,3.33,1.83,0
393,5,5,4,5,5,5,4,4,4,4,4,5,3,1,3,5,3,3,1,1,1,1,1,1,4.83,4.17,3,1,1
394,4,4,3,1,4,5,2,3,3,4,4,4,5,5,5,3,5,2,2,1,1,3,2,1,3.5,3.33,4.17,1.67,0
395,1,1,2,1,4,2,4,2,2,3,4,4,2,2,1,4,2,4,1,1,1,1,1,1,1.83,3.17,2.5,1,0
396,1,4,5,2,3,3,4,5,5,3,4,4,1,1,1,1,1,1,1,1,1,1,1,1,3,4.17,1,1,0
397,5,5,3,2,5,4,5,4,4,4,2,4,5,2,4,4,4,5,2,3,2,2,2,1,4,3.83,4,2,0
398,2,4,1,3,2,1,4,5,4,3,4,1,1,1,2,1,2,1,1,1,1,1,1,1,2.17,3.5,1.33,1,0
399,4,4,4,5,4,5,4,2,4,5,4,3,2,3,2,2,3,3,1,1,1,1,1,1,4.33,3.67,2.5,1,0
400,4,3,3,4,1,4,4,2,1,3,3,4,2,1,3,2,2,1,1,1,3,3,3,1,3.17,2.83,1.83,2,0
401,4,4,4,3,4,4,1,1,2,1,2,3,2,4,4,1,2,2,3,4,2,2,3,3,3.83,1.67,2.5,2.83,0
402,5,5,5,5,4,4,4,3,1,2,3,1,4,5,5,3,4,5,2,1,1,1,2,1,4.67,2.33,4.33,1.33,1
403,1,2,1,1,2,3,5,4,5,4,5,5,2,2,2,2,2,2,3,1,2,1,1,1,1.67,4.67,2,1.5,0
404,5,5,5,5,5,5,2,5,3,2,3,3,5,3,4,3,2,5,1,1,1,1,2,1,5,3,3.67,1.17,1
405,4,5,2,4,1,1,4,5,5,5,4,5,5,5,3,2,2,5,1,1,2,2,1,1,2.83,4.67,3.67,1.33,0
406,5,5,5,4,5,4,2,3,4,1,1,2,2,1,1,1,3,1,1,1,1,2,1,2,4.67,2.17,1.5,1.33,1
407,4,3,4,4,5,5,4,4,4,4,4,4,3,2,2,1,4,2,1,1,1,3,2,2,4.17,4,2.33,1.67,0
408,2,4,3,2,3,5,3,4,4,5,2,2,3,2,2,2,4,1,2,1,1,1,1,2,3.17,3.33,2.33,1.33,0
409,4,5,4,5,4,5,3,4,3,5,4,2,2,1,2,1,2,1,1,2,2,1,1,1,4.5,3.5,1.5,1.33,1
410,4,4,5,5,5,5,4,5,4,4,4,4,4,3,3,4,2,4,2,1,1,3,1,3,4.67,4.17,3.33,1.83,1
411,5,5,5,5,5,4,3,4,3,2,4,3,2,2,1,2,5,1,2,2,1,1,2,1,4.83,3.17,2.17,1.5,1
412,2,3,4,4,2,1,2,3,4,1,1,1,3,5,5,5,5,5,5,3,5,5,5,5,2.67,2,4.67,4.67,0
413,1,4,5,2,1,1,4,1,4,2,3,4,2,4,1,1,2,2,2,1,2,3,2,2,2.33,3,2,2,0
414,2,4,1,5,4,4,2,1,1,1,1,1,3,4,2,5,5,2,3,1,3,1,2,3,3.33,1.17,3.5,2.17,0
415,5,1,4,5,4,2,4,3,1,2,4,1,5,5,5,5,5,5,1,2,1,1,1,1,3.5,2.5,5,1.17,0
416,4,4,4,4,5,4,4,3,4,3,4,4,2,2,1,2,4,4,2,2,2,1,1,1,4.17,3.67,2.5,1.5,0
417,3,4,2,4,3,4,4,2,2,3,3,1,5,5,3,5,5,2,2,2,1,1,1,2,3.33,2.5,4.17,1.5,0
418,4,3,5,4,4,2,4,3,3,4,3,2,5,5,5,5,5,5,3,3,4,2,3,3,3.67,3.17,5,3,0
419,3,5,3,3,4,4,3,4,2,4,5,4,1,2,1,2,2,2,1,1,1,1,1,1,3.67,3.67,1.67,1,0
420,2,1,3,3,2,4,1,1,1,2,4,3,3,3,4,3,3,3,2,1,1,2,1,1,2.5,2,3.17,1.33,0
421,5,5,5,5,5,5,4,4,3,3,4,4,3,4,2,1,1,2,2,1,1,2,1,1,5,3.67,2.17,1.33,1
422,4,5,5,3,3,5,4,1,2,4,4,3,2,2,3,5,3,3,2,1,1,1,1,2,4.17,3,3,1.33,0
423,5,4,4,3,4,4,4,4,3,5,4,4,2,3,4,2,2,2,1,2,2,1,1,2,4,4,2.5,1.5,0
424,5,4,4,5,4,4,3,3,3,3,3,1,1,1,1,1,2,3,2,1,1,1,2,1,4.33,2.67,1.5,1.33,0
425,5,5,4,4,4,3,1,4,2,2,3,1,1,1,2,1,1,2,1,2,1,1,1,1,4.17,2.17,1.33,1.17,0
426,2,2,3,4,4,4,1,2,1,1,3,2,1,2,2,2,2,2,2,2,3,1,3,2,3.17,1.67,1.83,2.17,0
427,5,5,5,5,5,5,2,1,2,4,5,3,2,1,2,1,2,2,2,2,1,1,2,1,5,2.83,1.67,1.5,1
428,4,5,4,4,4,5,2,4,5,4,4,4,1,2,2,1,1,2,1,1,1,1,1,1,4.33,3.83,1.5,1,0
429,5,4,4,5,4,5,1,3,3,5,3,3,3,5,5,5,3,5,2,2,3,1,2,1,4.5,3,4.33,1.83,1
430,4,5,5,5,5,5,4,5,3,4,4,3,2,3,2,3,3,2,3,2,2,1,2,1,4.83,3.83,2.5,1.83,1
431,5,5,5,2,5,5,4,5,5,5,4,4,3,5,2,4,4,2,1,3,2,2,2,2,4.5,4.5,3.33,2,1
432,5,3,3,4,4,5,1,2,5,1,1,3,1,3,1,2,2,1,1,1,2,2,2,2,4,2.17,1.67,1.67,0
433,4,5,5,5,5,4,4,3,1,2,1,4,5,2,2,2,2,1,2,3,1,1,1,2,4.67,2.5,2.33,1.67,1
434,3,4,3,4,4,5,4,3,4,3,2,3,2,4,3,5,2,5,3,2,2,3,2,2,3.83,3.17,3.5,2.33,0
435,5,5,3,5,5,5,4,5,4,4,4,4,3,4,5,2,4,5,1,2,2,1,1,2,4.67,4.17,3.83,1.5,1
436,3,3,4,1,4,4,2,3,4,2,1,1,2,3,2,2,1,2,1,1,1,1,1,1,3.17,2.17,2,1,0
437,4,5,4,5,3,4,1,2,1,2,3,4,5,5,5,2,5,3,2,3,3,2,3,2,4.17,2.17,4.17,2.5,0
438,5,4,5,3,3,4,2,2,1,3,1,4,3,2,3,4,2,2,2,1,1,1,1,1,4,2.17,2.67,1.17,0
439,4,3,5,4,5,4,4,4,4,5,2,5,5,3,4,5,5,3,3,3,4,3,3,4,4.17,4,4.17,3.33,0
440,4,4,3,5,3,2,2,3,3,4,4,3,1,1,1,1,1,1,1,1,1,1,1,1,3.5,3.17,1,1,0
441,4,4,1,5,4,4,5,4,5,5,5,4,2,2,4,2,1,2,1,2,1,1,2,1,3.67,4.67,2.17,1.33,0
442,5,5,4,4,4,4,2,1,2,1,2,2,4,2,2,4,4,1,1,1,1,1,1,2,4.33,1.67,2.83,1.17,0
443,5,5,5,5,5,5,4,4,2,3,3,1,5,2,2,5,3,5,1,2,1,1,1,2,5,2.83,3.67,1.33,1
444,1,3,1,1,1,2,3,1,3,2,1,1,4,3,2,1,3,3,4,3,3,2,2,3,1.5,1.83,2.67,2.83,0
445,2,5,4,4,4,4,2,3,4,5,3,4,4,3,5,5,3,2,3,2,1,2,2,2,3.83,3.5,3.67,2,0
446,4,3,3,3,4,5,4,4,5,2,2,1,2,2,4,1,2,2,1,1,2,1,2,2,3.67,3,2.17,1.5,0
447,3,5,3,5,4,5,3,4,4,2,4,4,2,2,4,5,5,4,1,1,1,1,1,1,4.17,3.5,3.67,1,0
448,4,5,4,5,5,4,2,1,3,4,3,1,4,2,2,2,2,1,3,3,1,1,2,2,4.5,2.33,2.17,2,1
449,1,2,4,3,3,4,1,4,3,2,3,3,1,2,1,1,1,1,1,1,1,1,1,1,2.83,2.67,1.17,1,0
450,5,5,3,3,5,5,4,4,5,5,4,4,1,1,2,3,1,2,2,2,1,2,1,2,4.33,4.33,1.67,1.67,0
451,1,2,3,3,4,4,2,4,3,3,3,4,1,2,2,2,2,2,2,1,2,2,3,1,2.83,3.17,1.83,1.83,0
452,5,5,5,5,5,5,4,3,5,4,4,3,2,2,1,1,1,1,1,1,1,1,1,1,5,3.83,1.33,1,1
453,5,5,5,5,5,5,4,4,4,4,3,3,2,2,2,3,3,2,2,2,1,1,2,1,5,3.67,2.33,1.5,1
454,5,5,5,5,4,5,4,2,4,4,5,5,1,2,3,1,2,1,1,1,2,1,1,1,4.83,4,1.67,1.17,1
455,4,4,3,1,3,4,4,4,4,4,4,5,3,2,2,2,4,2,2,1,2,2,1,2,3.17,4.17,2.5,1.67,0
456,2,3,3,2,4,3,5,1,1,3,4,5,5,4,4,2,2,2,1,2,3,2,2,2,2.83,3.17,3.17,2,0
457,5,5,5,5,5,5,4,3,4,5,5,4,2,2,4,1,4,4,1,2,1,2,1,2,5,4.17,2.83,1.5,1
458,5,5,4,3,5,5,5,4,4,5,5,4,2,2,2,3,2,3,2,2,2,1,2,3,4.5,4.5,2.33,2,1
459,5,5,4,4,4,4,4,5,4,4,3,4,1,1,1,1,2,1,1,1,1,1,1,1,4.33,4,1.17,1,0
460,5,2,1,3,4,4,3,2,3,4,3,4,2,2,2,1,3,1,1,1,1,1,1,1,3.17,3.17,1.83,1,0
461,3,4,4,3,4,5,3,5,2,2,3,4,2,2,4,2,3,4,1,1,1,1,1,1,3.83,3.17,2.83,1,0
462,5,5,2,5,4,5,2,3,4,4,4,2,2,2,3,1,1,1,1,1,1,1,1,1,4.33,3.17,1.67,1,0
463,4,5,4,4,5,4,2,4,5,3,3,4,4,2,5,2,4,3,1,1,1,1,1,1,4.33,3.5,3.33,1,0
464,5,4,5,4,5,4,4,4,3,5,4,4,3,5,3,4,4,4,1,2,2,2,1,1,4.5,4,3.83,1.5,1
465,5,5,3,5,5,5,1,4,1,1,1,1,2,1,2,2,2,1,1,2,1,1,1,1,4.67,1.5,1.67,1.17,1
466,4,5,4,4,5,5,1,2,4,2,3,3,5,3,4,5,4,4,3,5,2,5,3,2,4.5,2.5,4.17,3.33,1
467,5,5,5,5,5,4,5,3,4,3,2,4,2,2,2,1,2,1,1,1,2,1,1,1,4.83,3.5,1.67,1.17,1
468,2,2,3,1,2,5,4,4,4,3,4,4,2,3,3,1,3,4,1,2,3,1,1,2,2.5,3.83,2.67,1.67,0
469,1,1,4,3,4,2,4,5,4,4,4,5,5,3,5,5,4,5,3,1,2,2,4,2,2.5,4.33,4.5,2.33,0
470,4,2,3,3,3,2,3,4,5,5,4,4,5,5,5,5,4,5,3,3,2,3,2,2,2.83,4.17,4.83,2.5,0
471,5,5,5,5,5,5,2,4,4,4,4,4,4,3,3,3,2,2,1,2,1,1,1,2,5,3.67,2.83,1.33,1
472,3,4,3,3,4,3,5,5,4,5,4,4,2,2,1,1,1,2,2,1,2,1,1,2,3.33,4.5,1.5,1.5,0
473,4,1,1,1,5,4,3,4,1,1,2,2,4,2,4,5,3,5,1,2,1,1,1,2,2.67,2.17,3.83,1.33,0
474,5,5,4,5,5,5,4,1,3,2,3,4,2,2,2,2,5,1,2,1,1,1,1,2,4.83,2.83,2.33,1.33,1
475,5,3,5,5,5,5,2,2,4,1,1,3,2,3,3,1,1,4,1,1,1,1,1,1,4.67,2.17,2.33,1,1
476,3,1,5,5,5,1,1,1,1,1,1,1,4,3,5,5,3,3,1,2,1,1,4,1,3.33,1,3.83,1.67,0
477,4,4,3,3,4,3,4,4,5,4,3,4,2,3,3,2,5,2,3,3,3,2,1,2,3.5,4,2.83,2.33,0
478,5,4,4,2,5,5,4,1,5,4,2,4,5,5,4,5,5,3,3,2,2,1,2,1,4.17,3.33,4.5,1.83,0
479,4,2,4,5,4,5,3,4,4,4,3,4,1,2,2,2,1,2,1,2,1,1,1,1,4,3.67,1.67,1.17,0
480,3,2,3,3,1,1,2,1,2,2,2,2,2,1,2,1,1,1,1,2,2,1,1,1,2.17,1.83,1.33,1.33,0
481,5,5,5,4,4,4,4,4,4,5,3,2,4,3,5,5,5,5,4,3,2,3,5,3,4.5,3.67,4.5,3.33,1
482,5,3,4,2,5,5,2,2,4,1,1,3,1,1,2,1,3,1,2,1,1,1,1,1,4,2.17,1.5,1.17,0
483,2,4,4,5,4,3,3,1,5,3,5,1,2,1,1,2,1,1,1,1,1,2,1,1,3.67,3,1.33,1.17,0
484,3,2,2,5,3,3,1,3,3,3,1,4,5,3,2,4,3,3,2,2,2,3,2,1,3,2.5,3.33,2,0
485,5,3,5,3,3,3,4,4,2,2,3,1,3,2,1,3,2,1,1,1,1,1,1,2,3.67,2.67,2,1.17,0
486,4,5,4,4,5,4,4,1,2,1,2,1,4,2,2,4,5,5,3,3,5,2,2,2,4.33,1.83,3.67,2.83,0
487,2,2,1,4,2,3,4,3,1,2,2,1,3,3,2,2,4,2,3,2,2,3,3,2,2.33,2.17,2.67,2.5,0
488,4,4,5,4,3,3,4,3,2,2,4,3,3,3,2,3,3,4,1,1,1,1,1,1,3.83,3,3,1,0
489,1,2,1,1,3,1,4,2,4,5,3,4,1,2,2,2,2,2,1,2,2,2,3,1,1.5,3.67,1.83,1.83,0
490,2,3,1,3,2,1,2,1,2,1,3,1,2,4,2,2,2,1,2,2,2,3,2,3,2,1.67,2.17,2.33,0
491,4,5,5,4,5,5,5,4,5,4,4,4,3,2,2,4,2,2,1,1,2,1,2,1,4.67,4.33,2.5,1.33,1
492,5,5,5,5,5,5,5,5,4,5,4,4,2,2,3,2,1,3,1,1,1,1,1,2,5,4.5,2.17,1.17,1
493,5,4,3,5,5,4,5,4,4,5,4,4,2,5,5,3,2,3,2,1,3,1,1,1,4.33,4.33,3.33,1.5,0
494,4,5,5,4,4,5,4,2,4,4,3,3,2,2,2,2,2,2,1,1,1,1,3,1,4.5,3.33,2,1.33,1
495,5,2,5,4,4,5,1,1,1,1,1,3,3,3,3,2,2,2,1,2,1,1,1,2,4.17,1.33,2.5,1.33,0
496,3,4,2,3,3,1,1,3,3,2,4,1,5,2,2,5,3,2,1,1,1,1,1,1,2.67,2.33,3.17,1,0
497,5,5,5,5,4,4,3,4,5,5,4,3,3,4,1,1,1,3,5,3,2,2,2,2,4.67,4,2.17,2.67,1
498,5,4,4,4,3,4,4,4,2,4,4,3,2,1,1,5,3,1,2,2,1,2,3,3,4,3.5,2.17,2.17,0
499,4,5,5,5,2,4,2,3,4,3,4,4,2,3,2,2,3,3,3,1,2,3,3,3,4.17,3.33,2.5,2.5,0
500,4,4,4,4,3,5,4,3,3,2,3,2,5,4,5,2,3,3,3,3,2,3,3,2,4,2.83,3.67,2.67,0
501,5,5,5,5,5,5,5,4,4,5,3,2,2,2,2,2,2,4,1,2,1,1,1,1,5,3.83,2.33,1.17,1
502,5,5,4,4,5,4,4,4,4,5,4,4,5,3,3,4,4,4,3,3,3,2,3,5,4.5,4.17,3.83,3.17,1
503,3,3,3,3,5,4,4,5,4,4,5,3,5,2,4,5,2,5,2,4,2,2,2,2,3.5,4.17,3.83,2.33,0
504,2,3,5,5,3,4,5,4,5,4,4,5,1,1,2,2,2,2,1,1,1,1,1,1,3.67,4.5,1.67,1,0
505,4,5,5,5,4,4,3,2,3,4,1,1,2,2,2,1,2,2,1,1,2,2,2,1,4.5,2.33,1.83,1.5,1
506,5,5,5,5,5,5,4,2,4,3,1,3,4,5,5,5,4,3,1,1,1,1,2,1,5,2.83,4.33,1.17,1
507,5,5,5,4,5,5,4,4,4,4,4,5,3,1,2,1,1,1,1,1,1,1,1,1,4.83,4.17,1.5,1,1
508,2,1,3,3,4,1,4,4,5,2,5,3,2,3,2,4,2,3,2,3,1,3,3,1,2.33,3.83,2.67,2.17,0
509,5,2,4,3,4,3,4,2,2,5,4,3,2,2,2,1,2,5,2,3,2,2,5,3,3.5,3.33,2.33,2.83,0
510,5,5,3,5,4,5,4,4,4,5,4,4,3,5,5,2,5,2,1,1,1,2,1,2,4.5,4.17,3.67,1.33,1
511,4,4,5,5,4,4,4,4,4,4,4,5,2,2,1,2,1,2,2,1,2,3,1,2,4.33,4.17,1.67,1.83,0
512,2,4,2,3,5,5,3,2,4,4,4,2,2,1,1,1,1,1,1,1,1,1,1,1,3.5,3.17,1.17,1,0
513,1,3,1,1,3,4,2,1,2,3,2,1,4,4,3,3,4,2,2,1,3,1,1,1,2.17,1.83,3.33,1.5,0
514,1,3,3,5,3,2,2,1,3,3,1,3,4,5,3,2,3,4,1,1,1,1,1,2,2.83,2.17,3.5,1.17,0
515,3,3,2,1,5,3,4,2,3,4,4,4,2,2,4,1,2,2,1,1,1,1,1,1,2.83,3.5,2.17,1,0
516,2,4,5,4,5,4,3,2,4,4,3,4,2,1,2,2,2,2,3,2,2,2,2,2,4,3.33,1.83,2.17,0
517,4,3,4,4,4,3,4,2,4,5,5,4,3,3,2,1,3,1,2,1,2,1,3,2,3.67,4,2.17,1.83,0
518,5,5,5,5,4,4,3,4,4,3,4,4,4,3,5,5,2,4,1,2,2,3,2,2,4.67,3.67,3.83,2,1
519,4,2,5,4,3,4,4,2,1,3,1,1,2,2,3,2,2,2,2,1,1,2,2,2,3.67,2,2.17,1.67,0
520,4,4,5,5,4,4,5,5,5,4,5,5,4,3,3,4,2,2,1,5,2,1,1,4,4.33,4.83,3,2.33,0
521,4,4,5,5,4,4,2,3,3,1,4,3,2,5,1,2,3,1,3,2,2,3,2,3,4.33,2.67,2.33,2.5,0
522,1,4,4,4,4,3,2,3,4,4,2,3,3,3,3,2,2,2,2,3,2,2,3,2,3.33,3,2.5,2.33,0
523,4,2,5,5,2,3,1,1,1,2,1,3,2,1,3,3,3,1,1,1,1,1,1,1,3.5,1.5,2.17,1,0
524,4,3,5,5,5,5,4,5,4,4,1,4,5,5,2,2,2,3,1,1,1,1,1,1,4.5,3.67,3.17,1,1
525,3,3,4,5,5,4,1,1,1,1,1,1,2,2,1,1,2,2,1,2,1,1,1,2,4,1,1.67,1.33,0
526,3,5,3,5,5,5,5,4,5,5,5,5,2,2,4,2,2,4,3,1,1,3,2,2,4.33,4.83,2.67,2,0
527,5,5,5,5,5,5,4,3,3,4,4,4,2,2,1,3,2,2,1,1,1,1,1,1,5,3.67,2,1,1
528,5,5,5,5,5,5,4,4,3,4,5,4,3,4,1,3,3,2,2,3,1,2,1,2,5,4,2.67,1.83,1
529,4,3,4,5,3,5,2,3,4,2,1,5,3,3,2,2,3,2,2,1,1,1,1,1,4,2.83,2.5,1.17,0
530,5,3,3,2,4,4,2,2,3,2,4,3,1,2,2,3,2,2,2,2,1,2,1,1,3.5,2.67,2,1.5,0
531,4,5,5,5,5,4,4,2,4,4,4,4,1,1,1,1,1,2,1,2,1,1,1,2,4.67,3.67,1.17,1.33,1
532,2,4,2,1,2,4,4,3,4,4,3,5,5,5,5,4,5,5,3,3,5,5,5,5,2.5,3.83,4.83,4.33,0
533,3,5,2,4,1,3,5,4,3,4,4,1,4,3,5,4,3,5,3,2,5,3,2,2,3,3.5,4,2.83,0
534,3,2,4,5,5,5,4,4,4,4,4,4,3,3,2,2,2,2,1,1,1,1,1,1,4,4,2.33,1,0
535,2,5,1,4,4,5,3,2,4,1,3,3,5,4,2,3,5,2,1,2,3,2,2,1,3.5,2.67,3.5,1.83,0
536,2,1,4,1,3,1,5,2,4,4,3,4,2,2,1,4,5,1,5,3,3,3,1,2,2,3.67,2.5,2.83,0
537,5,5,4,3,5,5,5,3,4,4,4,4,5,2,3,5,4,5,2,2,2,1,1,2,4.5,4,4,1.67,1
538,5,5,4,1,4,2,3,2,4,3,2,2,2,3,5,3,4,1,2,2,1,2,1,1,3.5,2.67,3,1.5,0
539,4,3,3,2,3,2,5,2,5,5,5,3,1,2,2,1,2,2,1,2,1,1,2,2,2.83,4.17,1.67,1.5,0
540,5,4,5,4,4,5,4,5,5,5,5,5,4,2,4,2,3,2,2,4,1,1,1,1,4.5,4.83,2.83,1.67,1
541,4,4,5,3,5,2,1,1,1,1,1,1,2,2,2,1,2,2,1,2,2,1,2,2,3.83,1,1.83,1.67,0
542,5,4,5,5,5,5,3,4,2,1,4,1,3,2,2,2,3,2,1,2,1,3,1,2,4.83,2.5,2.33,1.67,1
543,1,3,4,2,1,2,1,1,2,1,1,4,5,5,2,2,4,2,2,2,2,2,2,3,2.17,1.67,3.33,2.17,0
544,5,5,4,1,4,4,4,4,3,4,4,4,2,2,2,4,2,2,2,3,2,1,3,2,3.83,3.83,2.33,2.17,0
545,3,5,5,5,5,5,4,1,3,3,1,2,2,1,2,2,1,3,2,3,2,2,3,3,4.67,2.33,1.83,2.5,1
546,5,5,5,5,4,5,1,1,1,1,2,1,2,1,2,2,2,1,3,1,2,2,1,3,4.83,1.17,1.67,2,1
547,5,5,3,4,5,5,1,3,3,2,1,2,3,3,4,3,4,4,1,1,2,1,2,2,4.5,2,3.5,1.5,1
548,5,4,4,4,5,2,4,4,3,4,2,4,2,2,3,3,2,2,1,2,2,2,1,1,4,3.5,2.33,1.5,0
549,5,4,2,1,4,4,5,2,4,2,4,1,5,5,2,5,4,5,2,2,2,2,2,2,3.33,3,4.33,2,0
550,5,4,3,4,3,2,2,4,5,4,5,5,3,2,2,2,1,1,1,1,1,1,1,1,3.5,4.17,1.83,1,0
551,5,5,5,5,4,4,1,2,2,3,2,5,2,3,3,3,3,2,2,1,1,1,1,1,4.67,2.5,2.67,1.17,1
552,3,5,2,4,5,3,3,3,1,3,4,3,2,3,2,3,5,5,1,3,1,1,2,1,3.67,2.83,3.33,1.5,0
553,1,2,4,4,1,4,3,3,2,3,3,1,5,2,3,3,3,5,2,3,2,1,2,1,2.67,2.5,3.5,1.83,0
554,4,5,4,5,4,5,1,1,4,4,4,4,4,1,2,3,2,2,3,1,1,1,1,2,4.5,3,2.33,1.5,1
555,4,5,4,2,4,5,4,3,4,4,4,4,2,2,4,3,3,1,1,1,1,1,1,1,4,3.83,2.5,1,0
556,1,4,4,5,2,4,4,1,1,2,2,2,5,5,5,5,4,3,2,3,4,1,3,2,3.33,2,4.5,2.5,0
557,5,5,5,5,5,5,1,2,3,1,2,3,5,4,4,5,4,4,1,1,2,1,1,1,5,2,4.33,1.17,1
558,5,3,3,3,4,2,4,2,3,4,4,4,2,2,2,2,2,1,1,1,2,1,2,1,3.33,3.5,1.83,1.33,0
559,4,4,4,4,3,5,4,4,4,4,4,4,2,2,5,2,1,4,2,1,3,1,1,2,4,4,2.67,1.67,0
560,4,5,4,4,4,5,1,3,3,4,3,1,4,3,2,5,5,3,1,1,2,3,2,2,4.33,2.5,3.67,1.83,0
561,5,5,5,5,5,5,4,4,4,3,4,4,2,2,3,3,4,5,2,2,2,2,1,1,5,3.83,3.17,1.67,1
562,5,4,4,5,5,5,4,5,3,4,4,4,4,2,2,4,4,5,2,1,1,2,2,2,4.67,4,3.5,1.67,1
563,4,3,4,3,4,4,3,2,2,4,3,1,4,2,5,2,5,5,1,2,1,2,3,1,3.67,2.5,3.83,1.67,0
564,4,5,3,5,4,4,3,3,4,4,4,2,2,1,2,2,1,2,1,1,1,1,1,1,4.17,3.33,1.67,1,0
565,5,2,3,4,4,5,3,3,3,4,3,4,2,1,1,1,1,1,1,1,1,1,1,1,3.83,3.33,1.17,1,0
566,1,3,4,3,3,1,4,5,5,5,5,5,1,5,3,3,5,2,1,2,2,2,2,1,2.5,4.83,3.17,1.67,0
567,5,2,2,3,4,3,2,4,1,5,3,5,5,3,4,4,3,3,1,2,2,1,2,2,3.17,3.33,3.67,1.67,0
568,3,3,4,5,5,4,3,4,5,4,5,1,4,3,3,5,2,2,2,2,3,5,3,5,4,3.67,3.17,3.33,0
569,5,4,5,3,3,5,2,3,3,3,4,2,5,5,3,5,5,4,3,3,2,2,1,1,4.17,2.83,4.5,2,0
570,5,5,5,5,5,5,1,3,1,1,2,4,1,1,1,1,1,2,2,1,2,1,1,1,5,2,1.17,1.33,1
571,5,5,5,4,4,5,4,3,4,5,2,4,2,2,1,3,3,1,1,2,1,2,2,1,4.67,3.67,2,1.5,1
572,2,5,5,3,3,4,2,1,2,3,3,2,2,2,1,2,2,2,1,1,2,1,1,2,3.67,2.17,1.83,1.33,0
573,5,5,5,3,4,5,2,4,4,4,3,4,4,1,3,2,2,1,3,1,3,1,1,1,4.5,3.5,2.17,1.67,1
574,3,2,1,2,1,1,3,5,3,4,3,2,2,1,1,2,2,1,1,1,1,1,1,1,1.67,3.33,1.5,1,0
575,5,2,3,5,4,4,4,5,3,2,4,4,4,4,2,4,4,3,2,2,3,2,2,1,3.83,3.67,3.5,2,0
576,4,4,5,3,4,2,4,3,3,2,4,4,3,3,4,4,4,3,1,3,1,1,2,1,3.67,3.33,3.5,1.5,0
577,3,5,4,3,3,4,4,4,2,3,3,3,4,3,4,4,2,2,1,2,1,2,1,2,3.67,3.17,3.17,1.5,0
578,5,5,5,4,4,5,2,1,1,1,4,4,2,2,1,1,2,1,1,1,1,1,1,1,4.67,2.17,1.5,1,1
579,5,2,5,3,5,4,5,2,4,3,3,4,2,2,1,2,2,2,1,1,2,1,1,1,4,3.5,1.83,1.17,0
580,3,5,4,4,3,5,2,1,1,1,1,3,1,2,3,2,2,2,1,1,1,1,1,1,4,1.5,2,1,0
581,4,4,5,5,4,5,4,3,4,4,3,5,5,4,2,3,3,4,2,2,3,1,2,2,4.5,3.83,3.5,2,1
582,3,5,5,3,5,5,4,1,1,1,1,1,3,3,3,5,3,4,2,5,2,2,5,3,4.33,1.5,3.5,3.17,0
583,2,2,2,4,1,4,3,1,4,1,3,1,3,2,3,2,2,2,1,2,2,3,1,1,2.5,2.17,2.33,1.67,0
584,4,3,5,4,5,5,2,1,5,3,4,4,1,1,2,3,2,4,1,1,2,2,1,1,4.33,3.17,2.17,1.33,0
585,2,3,5,4,3,3,3,3,3,1,2,4,3,4,2,4,2,2,1,1,1,2,1,1,3.33,2.67,2.83,1.17,0
586,4,5,4,2,2,4,1,1,1,3,3,1,4,2,2,2,3,2,1,2,1,1,1,1,3.5,1.67,2.5,1.17,0
587,5,3,5,5,4,5,5,4,3,2,1,4,3,2,4,2,2,4,1,1,2,1,1,1,4.5,3.17,2.83,1.17,1
588,4,5,3,5,5,5,2,3,1,1,1,4,2,2,2,2,2,4,1,1,2,1,2,1,4.5,2,2.33,1.33,1
589,5,4,3,4,5,5,5,5,5,4,5,4,3,5,5,5,2,4,1,1,1,2,1,1,4.33,4.67,4,1.17,0
590,1,1,4,1,3,1,5,5,4,5,5,5,5,4,5,4,5,5,2,3,3,3,2,2,1.83,4.83,4.67,2.5,0
591,3,4,5,4,4,4,4,2,2,1,3,2,1,2,5,4,2,3,2,1,2,2,1,1,4,2.33,2.83,1.5,0
592,2,3,3,4,4,5,4,1,1,1,1,1,2,3,1,1,2,2,2,2,1,1,1,1,3.5,1.5,1.83,1.33,0
593,2,4,1,2,2,2,4,4,5,4,5,5,2,4,3,3,3,3,3,3,2,1,3,2,2.17,4.5,3,2.33,0
594,5,5,4,4,2,5,4,4,3,5,2,1,3,2,2,2,2,2,1,1,1,1,2,1,4.17,3.17,2.17,1.17,0
595,1,2,4,4,3,5,2,3,4,4,2,3,2,5,5,5,2,2,1,1,1,1,2,1,3.17,3,3.5,1.17,0
596,4,4,3,5,4,5,1,3,4,2,3,4,5,4,5,5,5,3,3,1,3,1,2,2,4.17,2.83,4.5,2,0
597,5,4,4,5,4,4,3,4,5,1,4,5,5,5,5,3,3,4,5,1,3,2,3,2,4.33,3.67,4.17,2.67,0
598,4,4,3,1,5,2,1,2,1,1,1,1,2,2,2,2,1,2,2,1,1,1,1,1,3.17,1.17,1.83,1.17,0
599,5,5,3,2,2,4,5,4,5,5,5,4,4,5,5,1,5,3,4,2,3,4,3,5,3.5,4.67,3.83,3.5,0
600,2,2,3,3,3,5,5,5,5,5,5,5,3,4,3,3,4,2,3,3,2,3,4,1,3,5,3.17,2.67,0
601,4,5,3,5,5,4,2,1,1,1,2,3,1,4,2,2,3,2,1,2,3,2,2,2,4.33,1.67,2.33,2,0
602,5,5,5,4,5,5,4,4,4,4,4,3,1,1,1,1,1,1,1,1,1,1,1,1,4.83,3.83,1,1,1
603,1,4,2,3,2,4,1,2,4,1,1,4,1,1,2,3,2,2,3,3,2,2,2,2,2.67,2.17,1.83,2.33,0
604,1,5,2,4,3,1,5,3,4,2,4,4,5,4,5,5,3,4,3,2,2,3,5,3,2.67,3.67,4.33,3,0
605,5,5,4,5,5,5,3,4,5,4,4,2,1,1,1,2,1,1,1,1,1,2,1,1,4.83,3.67,1.17,1.17,1
606,5,4,3,2,2,4,4,2,5,3,4,5,1,2,1,3,2,1,1,1,1,1,1,1,3.33,3.83,1.67,1,0
607,5,5,5,4,4,4,4,4,3,4,5,2,2,2,2,2,2,2,3,1,2,1,2,1,4.5,3.67,2,1.67,1
608,1,1,2,2,1,2,2,1,2,2,1,2,4,2,4,4,2,4,3,2,3,2,2,3,1.5,1.67,3.33,2.5,0
609,5,5,5,5,5,5,5,5,4,2,4,4,5,3,3,3,2,2,3,3,2,2,1,1,5,4,3,2,1
610,2,3,2,5,2,1,2,2,3,4,4,2,1,4,1,1,1,1,1,1,3,2,2,2,2.5,2.83,1.5,1.83,0
611,5,5,3,3,5,3,4,5,5,5,5,5,1,1,2,2,1,1,1,2,1,1,1,1,4,4.83,1.33,1.17,0
612,4,5,3,5,4,2,4,4,4,4,3,4,5,3,1,2,3,4,2,1,1,2,1,2,3.83,3.83,3,1.5,0
613,5,4,5,5,5,5,2,1,1,2,2,3,2,2,5,3,5,5,2,1,2,1,1,1,4.83,1.83,3.67,1.33,1
614,5,2,4,4,5,5,1,2,1,1,2,1,1,1,2,2,1,1,1,1,2,1,1,1,4.17,1.33,1.33,1.17,0
615,5,5,3,4,5,4,2,4,4,3,4,4,5,4,3,4,2,5,2,2,1,3,2,2,4.33,3.5,3.83,2,0
616,4,1,3,4,3,4,2,2,2,3,2,4,5,5,4,5,5,5,1,2,2,1,1,1,3.17,2.5,4.83,1.33,0
617,5,5,5,5,5,5,1,2,1,1,1,1,2,2,2,4,2,5,2,1,2,1,2,2,5,1.17,2.83,1.67,1
618,5,4,5,5,4,4,1,1,2,1,2,2,2,2,1,2,1,2,3,2,2,1,2,2,4.5,1.5,1.67,2,1
619,1,5,4,1,3,1,1,1,1,1,3,1,3,1,4,1,2,2,1,2,1,2,1,1,2.5,1.33,2.17,1.33,0
620,4,5,4,5,5,4,1,3,2,2,2,2,3,5,1,2,5,2,1,1,1,1,1,1,4.5,2,3,1,1
621,4,4,5,4,5,5,4,3,3,2,4,3,2,4,4,3,5,4,1,1,2,2,3,1,4.5,3.17,3.67,1.67,1
622,5,5,5,5,5,5,1,5,3,5,2,3,3,4,3,2,3,5,1,2,1,2,1,1,5,3.17,3.33,1.33,1
623,3,4,4,3,3,5,4,5,5,5,5,5,1,1,2,1,1,1,1,1,1,1,1,1,3.67,4.83,1.17,1,0
624,4,4,4,4,4,5,4,5,5,5,5,5,1,2,3,2,4,3,1,1,1,2,1,1,4.17,4.83,2.5,1.17,0
625,2,3,3,4,1,3,4,2,4,3,4,4,2,1,2,2,1,1,1,2,1,1,2,1,2.67,3.5,1.5,1.33,0
626,4,5,4,1,4,5,3,2,2,3,5,3,2,4,2,2,1,2,1,3,2,2,2,2,3.83,3,2.17,2,0
627,3,5,5,5,5,5,3,3,2,3,3,3,1,1,1,2,2,1,1,1,1,1,1,1,4.67,2.83,1.33,1,1
628,5,5,4,5,4,5,2,2,1,1,1,2,2,4,5,3,5,4,2,2,2,2,2,2,4.67,1.5,3.83,2,1
629,5,4,3,5,5,4,1,3,3,2,4,1,4,5,5,1,2,2,1,2,1,2,1,1,4.33,2.33,3.17,1.33,0
630,3,5,3,4,5,5,2,4,2,1,1,2,1,4,2,4,2,3,1,1,2,1,1,1,4.17,2,2.67,1.17,0
631,4,5,2,3,1,5,1,3,3,2,3,3,5,5,5,5,5,2,2,2,2,3,2,2,3.33,2.5,4.5,2.17,0
632,4,2,4,4,3,1,5,4,5,4,4,5,2,2,3,2,2,2,1,1,1,1,1,1,3,4.5,2.17,1,0
633,5,3,4,3,4,4,5,4,5,4,3,3,5,3,4,4,4,4,1,2,3,2,1,2,3.83,4,4,1.83,0
634,5,5,5,5,4,5,5,4,4,4,4,5,1,1,2,1,3,2,1,1,1,1,1,1,4.83,4.33,1.67,1,1
635,5,5,5,5,5,5,2,2,3,1,1,1,2,2,2,2,1,2,1,1,1,1,1,1,5,1.67,1.83,1,1
636,4,5,4,5,4,5,4,4,4,4,4,5,2,3,3,2,2,3,1,1,3,2,2,1,4.5,4.17,2.5,1.67,1
637,2,4,4,5,5,4,4,3,1,4,3,1,4,1,2,1,1,2,1,1,1,1,2,1,4,2.67,1.83,1.17,0
638,4,3,5,4,4,4,2,1,2,3,1,4,2,1,5,4,2,2,3,2,2,2,2,2,4,2.17,2.67,2.17,0
639,4,2,4,3,4,5,4,3,2,4,4,3,1,2,1,1,2,3,1,1,1,1,1,1,3.67,3.33,1.67,1,0
640,5,5,4,5,5,4,3,4,1,2,1,3,3,5,2,2,2,3,2,1,2,3,2,1,4.67,2.33,2.83,1.83,1
641,3,5,5,3,4,4,2,1,1,1,1,5,4,2,2,2,1,1,1,1,1,2,2,1,4,1.83,2,1.33,0
642,5,5,5,5,4,5,4,2,4,5,5,2,2,1,1,2,3,1,1,1,1,2,1,1,4.83,3.67,1.67,1.17,1
643,1,4,3,2,2,4,1,4,5,4,5,4,2,4,2,5,5,3,2,2,2,2,2,2,2.67,3.83,3.5,2,0
644,4,4,4,3,3,4,4,4,4,4,3,5,2,3,2,2,2,1,1,2,1,1,1,2,3.67,4,2,1.33,0
645,5,5,5,5,5,5,2,2,4,3,4,3,2,5,2,1,3,5,1,2,3,2,1,1,5,3,3,1.67,1
646,3,3,4,3,1,4,1,1,3,2,1,2,4,2,3,4,1,4,2,2,3,2,1,3,3,1.67,3,2.17,0
647,3,5,5,4,5,5,4,1,2,1,2,4,2,3,2,3,3,4,1,1,2,2,1,2,4.5,2.33,2.83,1.5,1
648,5,5,5,5,5,5,4,3,3,1,5,3,4,2,1,1,2,2,2,1,2,1,2,1,5,3.17,2,1.5,1
649,3,5,3,5,4,5,3,5,5,5,4,4,1,1,1,3,1,2,1,1,1,1,1,1,4.17,4.33,1.5,1,0
650,2,2,4,5,5,5,2,3,5,3,1,4,3,3,3,2,2,1,1,2,1,1,1,1,3.83,3,2.33,1.17,0
651,4,4,3,3,3,3,5,4,2,4,4,4,3,1,2,2,2,2,1,1,1,1,1,1,3.33,3.83,2,1,0
652,5,5,5,5,4,5,3,2,2,3,2,2,3,5,5,3,4,3,1,1,2,1,1,2,4.83,2.33,3.83,1.33,1
653,5,5,5,5,5,5,5,4,5,5,5,5,2,2,1,2,2,3,1,3,1,2,2,2,5,4.83,2,1.83,1
654,4,4,5,3,2,3,5,3,5,4,4,5,2,2,2,1,1,1,1,1,1,1,2,1,3.5,4.33,1.5,1.17,0
655,5,5,5,5,4,5,1,3,2,1,3,1,2,5,2,4,1,4,1,2,1,1,1,1,4.83,1.83,3,1.17,1
656,3,4,4,2,4,4,4,1,3,3,3,4,2,1,2,2,2,2,1,2,3,1,1,2,3.5,3,1.83,1.67,0
657,1,5,4,5,3,3,1,2,2,1,1,3,4,4,1,2,3,5,2,2,1,1,2,1,3.5,1.67,3.17,1.5,0
658,4,3,2,5,1,2,1,2,4,2,4,2,1,4,3,2,2,2,1,1,1,1,1,1,2.83,2.5,2.33,1,0
659,1,2,3,2,5,4,3,3,4,4,5,4,1,1,1,1,1,2,1,1,1,1,1,1,2.83,3.83,1.17,1,0
660,5,5,2,4,4,5,2,3,4,3,4,4,4,2,2,4,2,4,1,2,3,1,2,1,4.17,3.33,3,1.67,0
661,2,4,4,1,3,2,5,4,3,2,4,5,1,2,5,2,2,2,2,2,3,2,2,2,2.67,3.83,2.33,2.17,0
662,5,5,4,5,5,5,1,4,4,2,2,4,5,4,4,4,1,5,2,1,2,1,1,1,4.83,2.83,3.83,1.33,1
663,4,4,5,5,3,5,4,2,1,3,4,3,5,2,2,1,3,3,3,3,3,3,3,1,4.33,2.83,2.67,2.67,0
664,3,3,4,4,4,3,1,2,3,3,2,1,1,1,1,2,2,1,1,1,1,1,1,1,3.5,2,1.33,1,0
665,5,4,4,4,5,5,5,3,4,5,4,4,3,3,5,2,3,2,1,1,1,1,1,1,4.5,4.17,3,1,1
666,5,5,4,5,4,4,4,2,3,1,3,5,3,3,3,2,2,5,1,1,1,1,1,2,4.5,3,3,1.17,1
667,5,5,3,5,5,5,5,4,5,4,5,4,5,3,3,2,2,5,1,1,1,1,2,1,4.67,4.5,3.33,1.17,1
668,1,1,2,3,2,1,3,4,3,1,3,1,1,3,2,2,2,2,1,1,1,2,1,1,1.67,2.5,2,1.17,0
669,5,5,5,5,5,5,4,5,4,5,5,5,2,2,2,5,2,2,1,2,3,1,2,1,5,4.67,2.5,1.67,1
670,4,4,5,5,5,2,5,5,4,5,4,5,3,1,2,1,4,1,1,1,1,1,1,1,4.17,4.67,2,1,0
671,5,5,5,5,5,5,3,4,1,1,4,2,2,2,2,3,4,3,1,2,1,1,1,2,5,2.5,2.67,1.33,1
672,5,5,5,5,5,5,2,2,1,1,4,5,2,2,2,2,2,1,1,2,1,1,2,1,5,2.5,1.83,1.33,1
673,2,2,1,4,2,3,5,3,4,4,4,4,4,4,2,5,3,2,3,1,3,2,3,2,2.33,4,3.33,2.33,0
674,4,5,4,5,4,5,2,3,1,2,3,2,3,1,2,1,5,1,2,1,2,1,1,1,4.5,2.17,2.17,1.33,1
675,2,2,2,3,1,5,2,4,3,2,2,1,4,1,4,4,3,2,3,2,2,2,2,2,2.5,2.33,3,2.17,0
676,5,3,4,2,3,5,1,2,1,1,4,1,4,2,2,2,2,1,2,2,2,1,1,2,3.67,1.67,2.17,1.67,0
677,3,1,1,2,3,1,5,3,4,4,5,3,5,3,5,5,4,2,4,3,5,2,2,2,1.83,4,4,3,0
678,3,2,2,2,4,1,4,3,4,4,4,4,2,3,2,2,1,1,1,2,1,2,1,1,2.33,3.83,1.83,1.33,0
679,1,3,4,2,2,3,3,4,4,2,5,4,3,1,2,2,2,2,4,3,2,2,2,3,2.5,3.67,2,2.67,0
680,4,4,5,4,5,5,4,5,3,3,4,5,2,3,3,3,2,2,1,2,1,2,2,2,4.5,4,2.5,1.67,1
681,1,4,4,4,4,3,3,1,1,1,1,1,2,1,1,2,3,2,1,1,1,1,1,1,3.33,1.33,1.83,1,0
682,5,4,4,3,5,4,3,5,2,1,3,2,2,2,2,1,2,2,1,2,2,2,1,1,4.17,2.67,1.83,1.5,0
683,5,4,5,5,4,4,3,2,1,5,2,3,5,4,4,5,5,2,2,2,1,2,1,3,4.5,2.67,4.17,1.83,1
684,4,2,3,5,5,1,4,2,2,2,2,2,5,5,5,5,3,3,5,5,5,3,3,4,3.33,2.33,4.33,4.17,0
685,5,4,5,3,5,5,4,2,3,4,5,2,4,3,3,2,1,3,1,1,1,1,1,1,4.5,3.33,2.67,1,1
686,4,3,5,4,4,3,4,4,2,4,4,2,3,2,1,2,3,4,1,1,1,1,1,1,3.83,3.33,2.5,1,0
687,5,5,5,5,4,5,2,4,4,4,4,3,2,4,4,4,2,5,1,2,2,1,2,2,4.83,3.5,3.5,1.67,1
688,5,4,5,5,3,3,3,4,4,3,1,3,2,1,1,2,3,3,2,2,2,2,1,2,4.17,3,2,1.83,0
689,5,5,5,5,4,5,3,1,2,1,1,2,3,5,2,4,5,5,2,1,1,1,2,1,4.83,1.67,4,1.33,1
690,4,3,3,3,3,3,4,4,4,4,5,4,1,2,5,4,2,2,1,1,1,1,1,1,3.17,4.17,2.67,1,0
691,5,4,5,5,5,4,3,4,2,1,4,3,2,2,2,2,2,2,1,1,2,1,1,1,4.67,2.83,2,1.17,1
692,5,4,5,3,5,5,5,3,3,5,4,2,5,4,3,3,2,2,3,1,2,1,2,1,4.5,3.67,3.17,1.67,1
693,1,2,1,2,1,4,2,3,1,3,3,4,3,2,5,3,5,2,2,1,1,1,1,1,1.83,2.67,3.33,1.17,0
694,3,3,4,5,3,1,4,4,2,2,2,3,2,2,3,2,2,2,1,2,2,2,2,2,3.17,2.83,2.17,1.83,0
695,5,5,5,5,4,5,5,2,2,4,3,4,3,5,5,3,4,5,3,4,3,3,4,1,4.83,3.33,4.17,3,1
696,5,5,5,5,5,5,2,1,3,4,2,1,3,2,2,2,2,5,2,1,2,2,1,1,5,2.17,2.67,1.5,1
697,4,4,5,5,3,3,1,4,2,4,2,4,1,1,3,1,2,2,1,2,1,1,1,1,4,2.83,1.67,1.17,0
698,3,5,4,3,2,2,4,4,4,4,4,5,4,5,5,5,5,5,1,3,3,3,3,3,3.17,4.17,4.83,2.67,0
699,3,4,4,4,2,4,3,1,2,2,1,2,1,1,2,1,1,1,1,1,1,1,1,1,3.5,1.83,1.17,1,0
700,5,3,5,3,4,5,2,4,3,3,4,2,4,3,3,4,4,2,1,2,3,1,2,1,4.17,3,3.33,1.67,0
701,3,5,5,5,5,5,2,4,4,4,4,4,2,2,2,2,1,1,3,4,1,5,4,2,4.67,3.67,1.67,3.17,1
702,1,3,4,4,4,2,2,2,1,2,2,1,4,3,4,3,4,2,2,1,1,1,1,1,3,1.67,3.33,1.17,0
703,4,3,3,3,3,2,2,3,4,1,2,3,2,2,4,4,2,5,3,3,3,3,3,2,3,2.5,3.17,2.83,0
704,5,4,5,4,4,4,4,2,2,1,3,3,1,3,2,4,4,4,1,2,2,1,1,2,4.33,2.5,3,1.5,0
705,5,5,5,4,3,5,3,4,4,5,4,5,3,3,4,2,3,2,1,2,1,1,2,2,4.5,4.17,2.83,1.5,1
706,3,4,5,3,5,4,4,3,5,4,3,3,4,3,5,2,4,2,1,1,2,1,2,2,4,3.67,3.33,1.5,0
707,4,2,2,1,3,1,1,2,4,1,2,4,4,4,4,3,5,4,2,1,3,3,3,2,2.17,2.33,4,2.33,0
708,4,2,3,4,4,1,3,4,3,4,4,3,3,3,4,4,2,5,1,1,1,1,1,1,3,3.5,3.5,1,0
709,4,5,4,5,5,5,3,1,1,3,1,1,2,1,2,2,1,2,1,1,2,1,1,2,4.67,1.67,1.67,1.33,1
710,4,4,5,4,4,5,5,3,5,5,5,5,3,2,2,1,1,2,1,1,1,1,1,1,4.33,4.67,1.83,1,0
711,5,2,1,4,3,2,1,1,1,2,1,3,2,1,1,3,2,2,1,1,1,2,1,1,2.83,1.5,1.83,1.17,0
712,5,4,5,5,5,3,5,5,3,4,4,5,5,5,3,3,5,4,1,1,1,1,2,2,4.5,4.33,4.17,1.33,1
713,2,4,2,5,3,3,3,4,4,5,4,4,2,2,4,5,3,1,2,2,1,1,2,2,3.17,4,2.83,1.67,0
714,5,5,5,5,5,5,4,1,3,3,2,2,3,5,3,3,4,2,1,1,1,1,2,2,5,2.5,3.33,1.33,1
715,4,4,3,4,5,3,4,5,4,3,4,5,1,1,1,2,1,1,1,1,1,1,1,1,3.83,4.17,1.17,1,0
716,1,2,2,1,1,3,1,1,1,1,1,1,5,4,4,3,4,4,2,2,2,3,4,1,1.67,1,4,2.33,0
717,4,5,5,4,3,3,2,4,4,4,4,2,1,1,1,3,1,2,1,1,1,1,1,1,4,3.33,1.5,1,0
718,4,4,5,4,4,3,1,2,1,1,1,1,5,4,5,5,3,5,3,2,2,2,2,2,4,1.17,4.5,2.17,0
719,3,5,3,5,5,5,2,4,5,5,5,4,3,4,4,4,4,4,1,1,1,1,2,2,4.33,4.17,3.83,1.33,0
720,5,2,1,3,3,2,4,2,2,4,4,3,3,2,5,2,3,5,2,1,3,1,2,2,2.67,3.17,3.33,1.83,0
721,2,3,1,3,3,4,5,2,4,4,4,4,3,5,4,4,2,4,3,2,5,5,4,5,2.67,3.83,3.67,4,0
722,5,5,5,5,2,4,1,3,3,3,1,1,4,5,2,4,4,5,3,3,2,2,3,2,4.33,2,4,2.5,0
723,5,5,5,5,5,5,3,2,4,1,1,4,2,5,2,4,4,4,1,1,1,1,1,2,5,2.5,3.5,1.17,1
724,5,5,3,5,5,3,4,5,4,2,2,5,1,2,1,2,2,1,1,1,1,1,1,1,4.33,3.67,1.5,1,0
725,1,2,2,3,1,4,4,1,2,4,2,2,3,1,3,3,2,1,2,1,1,1,2,1,2.17,2.5,2.17,1.33,0
726,5,5,4,4,5,4,4,3,2,4,4,4,2,4,3,2,4,3,1,1,2,1,1,1,4.5,3.5,3,1.17,1
727,3,4,5,5,5,5,1,1,1,1,1,1,1,1,3,2,2,2,2,1,1,2,1,1,4.5,1,1.83,1.33,1
728,3,2,1,2,2,2,1,1,1,1,1,1,4,5,4,3,2,5,2,2,2,2,2,2,2,1,3.83,2,0
729,5,5,5,5,5,5,4,4,4,2,4,4,1,1,2,1,2,1,1,1,1,1,1,1,5,3.67,1.33,1,1
730,5,4,5,5,3,5,5,4,2,2,5,2,4,2,2,4,2,2,1,1,1,1,1,1,4.5,3.33,2.67,1,1
731,2,1,1,2,2,2,2,5,3,2,3,4,5,3,3,4,4,3,1,2,1,2,3,2,1.67,3.17,3.67,1.83,0
732,5,3,2,3,3,4,2,3,2,3,1,2,2,5,4,5,5,4,1,2,1,1,2,1,3.33,2.17,4.17,1.33,0
733,4,5,4,4,5,5,4,4,5,4,3,4,1,4,2,3,2,2,1,1,1,1,1,1,4.5,4,2.33,1,1
734,5,4,5,5,4,5,5,4,5,4,5,5,1,1,1,1,1,2,1,1,1,1,1,1,4.67,4.67,1.17,1,1
735,4,5,5,5,5,5,4,5,5,4,4,4,2,2,4,2,2,4,1,1,1,1,1,1,4.83,4.33,2.67,1,1
736,5,5,2,5,5,4,3,4,4,4,4,3,2,3,2,3,2,2,2,1,2,2,2,2,4.33,3.67,2.33,1.83,0
737,5,5,5,5,5,5,4,5,5,4,4,2,1,1,3,3,2,2,1,1,1,1,1,1,5,4,2,1,1
738,5,4,4,5,5,5,4,5,4,5,4,4,1,1,2,1,1,1,2,1,1,1,2,1,4.67,4.33,1.17,1.33,1
739,3,3,3,5,1,1,3,1,3,2,1,2,2,4,2,2,2,2,2,2,2,2,1,1,2.67,2,2.33,1.67,0
740,2,3,2,1,4,4,4,3,2,4,5,4,4,3,2,2,2,3,1,3,1,1,1,1,2.67,3.67,2.67,1.33,0
741,5,5,3,5,2,4,4,3,4,5,4,3,5,2,4,3,3,3,3,4,2,3,2,3,4,3.83,3.33,2.83,0
742,5,5,3,5,4,5,4,3,3,3,3,4,1,4,3,3,3,2,1,1,1,1,1,1,4.5,3.33,2.67,1,1
743,5,5,5,5,4,5,2,4,4,2,4,4,2,5,3,4,2,2,1,1,1,1,1,1,4.83,3.33,3,1,1
744,5,5,5,5,4,4,2,5,3,3,5,2,1,1,1,1,1,1,1,2,2,1,1,1,4.67,3.33,1,1.33,1
745,4,5,5,4,5,5,4,4,5,4,5,2,1,2,2,2,2,1,1,1,1,2,1,1,4.67,4,1.67,1.17,1
746,4,4,2,3,4,2,4,5,4,4,5,5,4,5,5,5,5,5,5,5,5,5,5,5,3.17,4.5,4.83,5,0
747,4,5,5,4,4,5,4,2,2,4,1,4,4,5,4,5,5,4,3,1,2,2,2,2,4.5,2.83,4.5,2,1
748,3,1,3,2,2,3,4,5,4,1,4,3,2,2,3,2,3,1,1,1,2,2,2,2,2.33,3.5,2.17,1.67,0
749,5,4,5,5,5,5,3,1,4,3,4,3,1,1,3,2,2,1,1,1,1,1,1,1,4.83,3,1.67,1,1
750,5,5,5,5,4,5,1,4,3,3,3,3,4,4,3,4,3,2,2,2,1,1,3,1,4.83,2.83,3.33,1.67,1
751,5,4,4,3,5,5,4,3,4,4,4,5,3,5,5,4,5,4,3,1,1,2,1,2,4.33,4,4.33,1.67,0
752,5,5,5,4,5,4,3,2,4,4,2,3,2,3,5,5,4,5,1,2,2,1,1,1,4.67,3,4,1.33,1
753,5,4,4,3,3,4,3,2,1,1,2,1,2,2,4,2,2,1,1,1,1,1,1,2,3.83,1.67,2.17,1.17,0
754,4,5,5,5,4,2,1,1,2,3,1,3,5,4,3,5,5,5,2,2,2,5,3,3,4.17,1.83,4.5,2.83,0
755,2,3,3,2,3,1,3,5,4,2,1,3,2,5,3,3,3,3,3,2,1,3,3,2,2.33,3,3.17,2.33,0
756,5,5,4,5,4,5,1,1,2,3,1,2,2,3,2,2,2,2,2,2,3,2,1,1,4.67,1.67,2.17,1.83,1
757,5,3,4,4,4,4,4,5,4,5,5,5,1,1,1,2,2,1,1,1,1,1,1,1,4,4.67,1.33,1,0
758,2,5,5,5,5,3,2,2,2,4,1,3,1,1,2,4,1,2,1,1,1,1,1,1,4.17,2.33,1.83,1,0
759,5,5,4,3,4,5,4,4,4,4,4,4,5,4,5,5,5,5,5,3,5,5,5,5,4.33,4,4.83,4.67,0
760,4,2,1,4,1,2,3,1,4,4,2,3,3,2,4,2,3,2,2,2,3,2,2,3,2.33,2.83,2.67,2.33,0
761,5,4,3,5,2,5,1,2,1,1,1,1,3,5,5,4,4,5,2,2,2,1,2,1,4,1.17,4.33,1.67,0
762,4,1,3,5,4,3,1,2,3,1,3,2,5,4,2,4,4,5,1,1,1,2,2,1,3.33,2,4,1.33,0
763,4,4,4,4,4,3,2,5,3,2,2,4,5,4,4,4,2,3,3,3,1,3,2,3,3.83,3,3.67,2.5,0
764,4,1,2,1,4,1,1,1,1,1,3,1,3,1,2,2,3,1,1,2,1,1,1,3,2.17,1.33,2,1.5,0
765,4,5,5,4,3,5,4,4,5,4,4,5,4,4,4,3,3,3,2,1,1,3,1,1,4.33,4.33,3.5,1.5,0
766,3,4,2,5,5,5,1,5,4,4,4,1,3,5,5,5,4,2,2,2,2,3,2,3,4,3.17,4,2.33,0
767,5,3,1,5,4,5,1,3,5,2,4,4,4,3,4,2,5,4,2,2,2,1,1,2,3.83,3.17,3.67,1.67,0
768,5,5,5,5,5,5,5,4,5,5,5,5,2,2,2,2,1,1,2,2,1,1,1,1,5,4.83,1.67,1.33,1
769,2,5,4,3,3,4,4,5,4,4,4,4,4,3,4,3,5,1,1,1,1,1,1,2,3.5,4.17,3.33,1.17,0
770,4,3,4,1,1,1,5,1,1,4,2,1,2,3,3,3,4,2,2,1,1,2,1,1,2.33,2.33,2.83,1.33,0
771,5,5,5,4,5,5,4,1,2,1,4,2,3,2,3,2,3,3,3,1,1,1,1,1,4.83,2.33,2.67,1.33,1
772,4,1,4,3,5,5,4,4,5,4,4,4,2,4,5,2,5,4,3,4,2,1,2,5,3.67,4.17,3.67,2.83,0
773,5,5,2,4,4,1,1,2,5,3,4,4,5,2,3,2,2,2,2,2,1,3,2,3,3.5,3.17,2.67,2.17,0
774,5,5,5,5,5,5,4,5,1,4,4,4,2,2,5,1,2,2,1,1,1,1,1,1,5,3.67,2.33,1,1
775,4,5,5,3,4,2,2,4,1,4,2,3,2,4,2,2,3,5,1,1,1,1,2,2,3.83,2.67,3,1.33,0
776,3,2,2,5,5,4,3,2,4,3,2,3,4,2,2,2,3,2,2,1,2,1,2,1,3.5,2.83,2.5,1.5,0
777,5,5,5,5,5,5,4,4,5,5,5,5,4,3,3,5,1,3,1,1,1,1,2,1,5,4.67,3.17,1.17,1
778,4,4,3,3,5,5,5,5,4,4,5,5,1,1,1,1,1,2,1,1,1,1,1,1,4,4.67,1.17,1,0
779,5,4,4,5,2,5,4,3,4,2,4,2,3,2,1,3,3,2,1,1,1,1,1,1,4.17,3.17,2.33,1,0
780,3,4,1,4,5,3,3,4,3,2,2,4,3,2,2,2,2,2,2,1,1,2,1,1,3.33,3,2.17,1.33,0
781,5,5,2,3,4,3,4,4,1,3,1,2,2,2,3,1,2,2,1,2,2,2,1,1,3.67,2.5,2,1.5,0
782,4,5,5,2,5,4,2,1,3,3,2,4,2,5,1,4,4,4,2,3,4,2,2,2,4.17,2.5,3.33,2.5,0
783,5,5,4,5,5,5,4,5,1,3,3,4,1,1,1,1,1,2,2,2,1,2,2,1,4.83,3.33,1.17,1.67,1
784,4,5,5,5,4,5,4,5,4,4,5,5,1,1,2,1,1,1,2,1,1,2,1,1,4.67,4.5,1.17,1.33,1
785,4,4,1,2,3,5,4,4,5,5,5,5,4,5,4,3,5,4,3,2,1,2,1,2,3.17,4.67,4.17,1.83,0
786,4,4,5,3,5,5,3,4,4,4,4,3,1,3,3,4,3,5,1,3,1,3,1,2,4.33,3.67,3.17,1.83,0
787,2,4,4,5,4,5,3,4,3,1,3,4,3,1,2,5,2,2,1,1,2,1,1,2,4,3,2.5,1.33,0
788,5,5,5,4,5,5,4,3,4,4,1,3,2,4,1,1,2,3,1,1,1,1,1,3,4.83,3.17,2.17,1.33,1
789,3,4,3,2,4,3,3,3,2,2,4,1,2,3,1,1,2,2,2,1,1,1,1,1,3.17,2.5,1.83,1.17,0
790,5,5,5,4,4,5,4,4,4,4,3,4,1,1,2,1,1,2,1,1,2,1,1,1,4.67,3.83,1.33,1.17,1
791,2,5,4,5,3,5,4,4,3,4,5,5,4,5,5,5,5,5,1,1,1,1,2,2,4,4.17,4.83,1.33,0
792,1,1,4,3,2,2,1,1,1,3,1,1,5,4,4,2,4,5,1,1,1,1,1,1,2.17,1.33,4,1,0
793,4,5,4,4,4,3,2,4,4,4,2,4,2,2,2,1,3,2,1,2,1,1,1,2,4,3.33,2,1.33,0
794,5,5,5,5,3,5,3,4,3,1,1,2,1,1,1,2,1,3,1,1,1,1,1,1,4.67,2.33,1.5,1,1
795,5,5,5,5,4,5,1,2,4,2,1,1,3,4,5,3,4,5,3,1,4,5,3,3,4.83,1.83,4,3.17,1
796,1,3,3,1,1,4,4,1,1,4,3,2,2,2,2,4,5,1,2,2,2,2,1,2,2.17,2.5,2.67,1.83,0
797,5,5,5,5,5,5,4,4,4,3,4,4,1,2,1,1,2,1,1,2,2,1,1,1,5,3.83,1.33,1.33,1
798,4,4,5,4,4,4,3,4,5,4,1,2,2,3,4,2,2,3,2,2,1,1,2,2,4.17,3.17,2.67,1.67,0
799,1,4,1,4,4,4,1,2,3,1,2,2,4,2,2,2,3,2,2,3,2,3,3,1,3,1.83,2.5,2.33,0
800,5,4,4,3,5,5,5,5,3,4,5,4,2,2,5,2,2,3,1,1,1,2,1,1,4.33,4.33,2.67,1.17,0
801,5,5,5,4,5,5,5,5,4,5,4,5,1,1,4,1,3,3,1,1,1,1,1,1,4.83,4.67,2.17,1,1
802,5,3,4,3,4,3,5,5,4,5,5,4,4,3,2,3,2,3,5,3,2,2,1,3,3.67,4.67,2.83,2.67,0
803,2,3,5,4,4,4,5,3,1,2,2,2,2,2,2,2,2,1,1,1,2,1,1,2,3.67,2.5,1.83,1.33,0
804,5,5,5,4,4,5,5,1,2,1,2,2,5,4,4,4,5,5,1,1,1,1,1,1,4.67,2.17,4.5,1,1
805,3,3,4,3,4,3,4,3,4,1,3,4,4,2,2,1,1,2,1,1,1,1,1,1,3.33,3.17,2,1,0
806,3,2,4,3,3,3,4,2,3,4,4,4,3,2,4,3,2,5,4,3,3,2,3,2,3,3.5,3.17,2.83,0
807,2,4,2,4,3,3,4,2,4,2,3,5,5,2,3,5,2,5,2,4,3,3,1,3,3,3.33,3.67,2.67,0
808,4,5,3,5,4,4,5,5,4,4,5,4,4,3,2,3,2,2,3,1,3,1,2,2,4.17,4.5,2.67,2,0
809,5,4,4,3,3,4,2,3,3,3,1,1,1,1,2,1,1,2,2,1,1,1,1,1,3.83,2.17,1.33,1.17,0
810,3,5,5,4,5,4,5,4,4,4,5,5,3,2,2,3,1,1,1,1,1,1,1,1,4.33,4.5,2,1,0
811,2,3,4,2,2,4,5,1,1,4,5,5,5,5,2,1,3,4,3,2,3,2,3,2,2.83,3.5,3.33,2.5,0
812,2,4,4,5,5,4,1,4,3,1,1,3,3,3,2,3,2,2,1,1,1,1,1,2,4,2.17,2.5,1.17,0
813,5,5,5,5,5,5,3,2,2,2,3,2,3,2,3,2,3,4,2,1,1,1,1,1,5,2.33,2.83,1.17,1
814,2,5,3,5,3,4,4,4,4,2,3,4,5,4,3,5,4,5,3,1,2,1,1,1,3.67,3.5,4.33,1.5,0
815,3,3,5,3,3,3,4,5,4,3,4,4,1,2,2,2,2,3,2,1,1,1,1,1,3.33,4,2,1.17,0
816,5,5,5,5,5,4,4,4,5,2,3,1,4,3,3,2,3,3,2,1,1,1,1,1,4.83,3.17,3,1.17,1
817,5,4,4,4,3,3,1,4,1,2,3,2,4,5,4,3,5,2,2,3,2,1,1,2,3.83,2.17,3.83,1.83,0
818,5,5,4,2,4,5,4,3,3,4,3,5,5,5,5,3,2,4,1,3,2,1,1,2,4.17,3.67,4,1.67,0
819,5,2,5,3,5,4,5,4,4,4,4,5,2,4,3,5,1,2,1,1,1,1,2,1,4,4.33,2.83,1.17,0
820,2,4,4,4,4,4,4,4,4,4,4,2,5,3,2,3,5,5,3,1,2,3,2,3,3.67,3.67,3.83,2.33,0
821,5,5,5,4,5,5,4,5,4,4,5,5,2,2,2,2,3,2,2,1,1,1,1,1,4.83,4.5,2.17,1.17,1
822,3,2,4,2,2,5,5,5,5,4,5,5,5,3,5,3,2,4,1,1,1,1,1,1,3,4.83,3.67,1,0
823,2,5,4,4,4,2,1,1,4,3,3,4,3,5,4,5,2,4,2,1,1,3,1,1,3.5,2.67,3.83,1.5,0
824,5,5,5,5,4,2,3,3,3,2,2,3,3,4,2,3,2,2,1,1,1,1,1,1,4.33,2.67,2.67,1,0
825,2,4,2,4,3,2,1,1,1,3,1,2,3,1,2,2,4,2,1,1,3,1,1,1,2.83,1.5,2.33,1.33,0
826,4,4,4,5,4,4,4,3,1,3,4,1,2,2,2,2,2,2,2,3,2,3,3,1,4.17,2.67,2,2.33,0
827,5,1,3,4,4,3,4,3,1,1,4,4,1,2,1,1,2,3,2,2,2,2,1,1,3.33,2.83,1.67,1.67,0
828,4,4,2,4,3,3,2,2,1,4,4,3,4,4,2,5,5,3,2,1,1,1,2,2,3.33,2.67,3.83,1.5,0
829,5,5,5,4,5,5,5,4,4,4,5,4,5,2,3,3,2,2,3,3,2,2,1,2,4.83,4.33,2.83,2.17,1
830,5,5,5,4,5,5,5,4,3,4,4,2,3,5,4,3,2,1,1,2,1,1,1,1,4.83,3.67,3,1.17,1
831,5,5,5,5,5,5,5,5,5,2,5,4,2,2,1,2,1,1,1,1,1,1,1,1,5,4.33,1.5,1,1
832,1,2,4,2,2,4,2,3,4,2,2,3,5,2,4,5,3,2,2,2,2,2,2,3,2.5,2.67,3.5,2.17,0
833,5,3,5,3,5,2,4,4,4,3,4,1,3,4,4,4,4,2,1,2,1,1,1,1,3.83,3.33,3.5,1.17,0
834,3,4,2,5,5,4,5,4,5,5,5,5,1,1,3,2,4,2,1,1,1,1,1,1,3.83,4.83,2.17,1,0
835,4,3,4,4,4,3,4,4,5,4,3,3,1,3,2,3,1,2,1,2,2,1,1,1,3.67,3.83,2,1.33,0
836,5,5,5,5,5,5,4,5,5,5,4,4,3,2,2,1,2,2,1,1,1,1,2,1,5,4.5,2,1.17,1
837,3,5,4,3,4,4,1,3,2,3,2,4,5,3,3,3,4,4,2,2,2,2,1,1,3.83,2.5,3.67,1.67,0
838,5,4,4,3,3,5,3,5,3,5,4,4,2,3,1,2,2,2,1,1,1,1,1,1,4,4,2,1,0
839,2,4,5,4,4,5,1,4,3,5,4,4,5,5,5,4,5,4,2,1,1,1,3,1,4,3.5,4.67,1.5,0
840,4,5,4,5,4,4,3,1,3,4,4,3,2,4,2,1,3,2,1,1,1,1,1,1,4.33,3,2.33,1,0
841,5,4,5,5,5,5,4,5,4,4,4,4,2,2,1,1,2,1,1,2,1,1,1,1,4.83,4.17,1.5,1.17,1
842,1,1,1,1,1,1,3,4,3,4,5,3,4,5,2,4,3,2,2,3,1,3,3,1,1,3.67,3.33,2.17,0
843,3,4,2,4,5,5,4,4,5,3,3,3,2,2,2,2,2,3,1,1,1,1,1,1,3.83,3.67,2.17,1,0
844,2,2,4,5,4,2,5,4,3,4,5,5,3,5,3,5,5,5,1,3,1,1,1,3,3.17,4.33,4.33,1.67,0
845,2,3,2,4,1,2,2,1,1,1,1,2,2,4,3,4,5,5,2,1,3,3,2,2,2.33,1.33,3.83,2.17,0
846,4,4,4,5,5,4,4,4,4,5,3,4,2,1,4,2,1,2,1,1,2,1,1,1,4.33,4,2,1.17,0
847,3,1,2,4,4,4,4,4,3,5,4,4,5,5,2,5,2,5,2,2,2,2,1,1,3,4,4,1.67,0
848,5,5,5,5,5,5,3,4,4,5,3,4,2,1,2,2,2,2,1,1,1,1,1,1,5,3.83,1.83,1,1
849,5,5,5,5,5,5,5,5,4,4,5,4,2,2,2,5,4,3,1,1,1,2,1,1,5,4.5,3,1.17,1
850,5,3,4,3,3,3,4,3,2,4,1,2,1,2,1,1,3,1,1,1,1,1,1,1,3.5,2.67,1.5,1,0
851,4,4,4,5,5,4,1,3,1,1,1,1,4,1,3,1,2,3,1,2,1,1,1,2,4.33,1.33,2.33,1.33,0
852,4,3,4,3,5,5,5,4,5,4,5,3,2,3,1,4,2,2,2,1,1,2,2,1,4,4.33,2.33,1.5,0
853,5,5,5,5,4,5,3,4,3,5,5,2,5,3,5,4,4,4,1,2,2,2,2,3,4.83,3.67,4.17,2,1
854,2,4,3,4,4,5,4,1,2,1,2,1,5,4,5,5,5,5,2,3,2,3,3,3,3.67,1.83,4.83,2.67,0
855,1,3,2,4,3,1,1,2,1,1,2,1,5,3,3,5,3,3,2,2,2,2,2,1,2.33,1.33,3.67,1.83,0
856,5,4,5,4,4,5,4,4,4,5,4,3,3,3,2,5,2,3,3,1,2,2,2,2,4.5,4,3,2,1
857,4,2,5,5,5,3,4,5,5,5,4,5,2,3,2,2,3,1,1,1,1,1,1,1,4,4.67,2.17,1,0
858,5,4,5,5,5,4,3,4,4,4,5,3,4,3,5,3,4,1,2,2,1,1,2,2,4.67,3.83,3.33,1.67,1
859,5,3,4,3,5,5,3,5,4,4,4,5,2,3,1,1,2,3,1,1,1,3,1,2,4.17,4.17,2,1.5,0
860,5,5,5,4,5,5,4,4,5,4,5,5,1,2,2,5,2,2,2,1,1,2,1,2,4.83,4.5,2.33,1.5,1
861,4,4,4,4,4,5,3,5,3,5,4,3,3,3,1,2,2,2,1,1,2,1,1,2,4.17,3.83,2.17,1.33,0
862,4,4,5,3,4,5,4,2,4,4,4,4,2,2,3,2,3,2,1,2,1,1,2,2,4.17,3.67,2.33,1.5,0
863,4,4,5,3,5,4,5,3,5,5,5,5,1,1,1,1,1,1,1,2,2,1,2,1,4.17,4.67,1,1.5,0
864,4,2,3,2,5,5,2,4,2,1,4,2,2,2,3,4,3,2,1,1,2,1,1,1,3.5,2.5,2.67,1.17,0
865,5,3,4,3,5,5,5,5,4,4,5,4,2,2,1,2,4,4,1,1,1,1,2,1,4.17,4.5,2.5,1.17,0
866,5,4,5,2,4,3,3,4,1,4,4,4,2,4,5,5,4,2,2,2,1,2,2,2,3.83,3.33,3.67,1.83,0
867,1,1,4,2,2,3,2,3,4,3,2,1,2,3,4,3,3,3,2,3,2,2,2,2,2.17,2.5,3,2.17,0
868,4,2,1,1,2,1,4,4,2,4,5,3,3,2,2,4,2,4,2,2,3,5,3,2,1.83,3.67,2.83,2.83,0
869,5,5,5,5,5,5,4,4,2,3,4,4,3,4,2,2,4,4,5,3,3,2,3,4,5,3.5,3.17,3.33,1
870,5,5,5,4,4,4,1,1,3,3,4,4,2,1,1,2,1,1,1,2,1,2,1,1,4.5,2.67,1.33,1.33,1
871,3,3,4,5,1,5,4,3,4,4,4,4,1,5,2,2,3,2,1,1,2,2,1,1,3.5,3.83,2.5,1.33,0
872,4,3,2,3,2,3,3,4,4,1,4,4,5,5,5,5,4,5,2,1,3,2,3,3,2.83,3.33,4.83,2.33,0
873,1,2,4,2,2,3,3,5,4,3,4,3,3,5,3,4,3,3,3,1,3,3,2,4,2.33,3.67,3.5,2.67,0
874,3,3,5,4,4,5,2,3,1,3,3,2,1,1,2,2,1,2,1,1,1,1,1,1,4,2.33,1.5,1,0
875,4,4,5,5,3,5,4,4,5,4,5,4,5,5,3,2,4,2,1,1,1,1,1,1,4.33,4.33,3.5,1,0
876,5,4,4,4,5,5,2,4,3,3,1,2,5,5,5,5,5,5,3,3,3,3,3,3,4.5,2.5,5,3,1
877,2,3,3,3,4,3,2,4,3,2,3,1,4,3,4,5,4,5,2,1,1,2,3,2,3,2.5,4.17,1.83,0
878,4,5,5,3,3,3,4,5,3,1,3,5,5,5,5,5,5,5,2,4,2,2,2,3,3.83,3.5,5,2.5,0
879,4,3,2,4,4,3,4,4,3,2,1,4,4,4,3,3,3,5,3,3,2,3,2,1,3.33,3,3.67,2.33,0
880,5,4,5,4,4,3,4,5,5,4,4,4,1,5,2,1,1,4,2,2,2,2,2,3,4.17,4.33,2.33,2.17,0
881,2,5,4,5,4,4,1,4,4,2,2,4,5,4,4,2,2,4,1,1,1,2,1,1,4,2.83,3.5,1.17,0
882,5,5,5,5,5,5,4,2,4,4,3,4,1,2,1,2,2,2,2,1,2,1,1,2,5,3.5,1.67,1.5,1
883,2,4,4,3,4,5,4,4,4,4,4,3,1,1,2,3,3,3,1,2,1,1,2,1,3.67,3.83,2.17,1.33,0
884,4,4,5,4,3,4,2,3,5,4,2,4,2,3,3,2,1,1,2,1,1,2,1,1,4,3.33,2,1.33,0
885,4,4,1,2,1,5,4,4,3,4,5,4,5,4,3,2,5,3,3,2,3,2,2,1,2.83,4,3.67,2.17,0
886,5,5,4,5,5,5,4,4,4,5,5,2,2,3,2,2,1,1,2,2,1,1,2,1,4.83,4,1.83,1.5,1
887,5,5,3,4,5,5,3,4,3,3,5,4,2,2,2,4,4,2,1,1,1,1,1,2,4.5,3.67,2.67,1.17,1
888,4,3,2,1,4,3,4,5,5,5,5,5,2,2,1,2,1,1,1,1,1,1,1,1,2.83,4.83,1.5,1,0
889,5,5,5,5,5,5,3,2,4,1,2,1,4,3,3,5,3,5,1,2,2,1,2,2,5,2.17,3.83,1.67,1
890,5,2,4,1,2,5,3,4,4,3,5,1,1,2,3,2,4,4,1,3,1,1,2,1,3.17,3.33,2.67,1.5,0
891,5,5,5,4,5,5,4,4,4,4,4,3,3,3,3,3,3,5,1,1,1,1,2,3,4.83,3.83,3.33,1.5,1
892,2,4,3,3,2,3,3,4,4,4,3,4,5,4,5,2,4,4,2,3,2,2,3,2,2.83,3.67,4,2.33,0
893,4,3,3,4,2,3,4,4,4,5,5,5,5,5,2,5,4,5,3,5,2,2,3,5,3.17,4.5,4.33,3.33,0
894,1,4,2,4,5,2,3,5,4,5,3,4,4,4,2,2,3,2,1,2,2,2,3,3,3,4,2.83,2.17,0
895,4,3,4,3,4,4,4,5,4,4,3,4,2,5,4,2,3,2,2,2,2,3,3,2,3.67,4,3,2.33,0
896,2,2,1,1,2,5,4,4,4,4,4,5,2,2,2,2,3,3,2,1,1,2,3,1,2.17,4.17,2.33,1.67,0
897,4,3,3,4,5,2,4,1,3,1,1,4,3,2,2,4,5,2,2,1,2,1,3,1,3.5,2.33,3,1.67,0
898,2,1,1,2,3,4,1,1,1,1,1,4,2,2,2,4,2,2,1,1,1,1,1,1,2.17,1.5,2.33,1,0
899,1,2,1,1,1,1,2,4,1,2,1,4,1,5,5,2,2,3,2,1,2,1,2,2,1.17,2.33,3,1.67,0
900,4,4,5,4,4,5,4,3,2,2,2,4,1,1,1,2,1,2,1,1,1,2,1,1,4.33,2.83,1.33,1.17,0
901,5,4,3,4,5,4,1,4,2,3,3,2,2,3,4,3,4,3,1,1,2,1,2,3,4.17,2.5,3.17,1.67,0
902,4,5,5,4,4,5,4,3,4,4,4,2,2,3,2,3,3,3,2,3,1,2,2,3,4.5,3.5,2.67,2.17,1
903,2,3,1,3,2,3,3,4,4,4,3,3,2,1,2,2,2,2,1,1,1,1,1,1,2.33,3.5,1.83,1,0
904,3,4,2,4,4,3,2,4,3,4,3,3,1,1,1,1,2,2,1,3,2,1,1,1,3.33,3.17,1.33,1.5,0
905,5,5,5,5,5,5,4,4,4,4,3,5,3,2,2,4,3,2,2,1,2,1,1,1,5,4,2.67,1.33,1
906,4,5,5,4,4,2,4,3,2,5,3,3,3,3,3,5,3,3,3,1,1,2,2,2,4,3.33,3.33,1.83,0
907,1,3,2,3,1,1,4,1,4,4,4,4,2,2,1,2,2,2,1,2,1,2,1,1,1.83,3.5,1.83,1.33,0
908,2,5,1,4,4,3,5,5,5,4,3,4,1,1,2,2,1,1,1,3,2,2,1,2,3.17,4.33,1.33,1.83,0
909,4,4,4,4,4,4,3,4,4,4,5,4,2,5,3,3,2,5,3,5,3,5,3,3,4,4,3.33,3.67,0
910,3,3,4,1,2,4,2,2,4,2,3,3,3,2,3,2,2,1,1,1,1,1,1,1,2.83,2.67,2.17,1,0
911,3,2,4,2,5,5,4,4,5,4,4,5,5,5,5,5,5,5,5,3,3,3,3,2,3.5,4.33,5,3.17,0
912,5,4,5,3,5,5,1,1,1,1,1,2,2,4,3,3,4,2,2,1,1,2,1,1,4.5,1.17,3,1.33,1
913,4,4,3,5,5,4,4,5,4,5,4,5,4,2,2,3,4,3,1,1,1,1,1,1,4.17,4.5,3,1,0
914,3,4,4,3,4,4,4,4,4,5,5,5,2,5,3,4,2,5,1,3,1,3,3,3,3.67,4.5,3.5,2.33,0
915,1,3,4,3,4,3,3,3,3,4,3,2,2,1,1,2,4,2,1,1,1,1,1,1,3,3,2,1,0
916,5,4,3,1,4,3,4,4,2,4,3,4,3,2,2,3,3,5,3,2,2,1,3,3,3.33,3.5,3,2.33,0
917,3,4,4,4,5,3,2,1,2,1,1,1,5,3,2,3,4,3,1,2,1,1,1,1,3.83,1.33,3.33,1.17,0
918,3,2,1,2,3,3,1,1,1,1,1,1,2,1,1,2,3,2,2,3,2,3,3,2,2.33,1,1.83,2.5,0
919,1,4,4,4,2,5,4,4,3,3,2,4,2,2,1,1,2,1,1,1,1,2,1,2,3.33,3.33,1.5,1.33,0
920,4,5,5,4,4,4,3,3,3,2,4,4,5,2,5,2,3,5,3,3,2,1,3,3,4.33,3.17,3.67,2.5,0
921,3,3,2,1,1,4,5,4,4,5,5,4,5,4,5,5,2,3,3,2,3,2,4,2,2.33,4.5,4,2.67,0
922,2,5,4,5,3,3,3,3,3,4,1,2,2,2,5,5,4,5,2,1,1,2,1,1,3.67,2.67,3.83,1.33,0
923,5,4,4,4,4,5,2,1,3,2,2,1,2,4,2,3,3,5,3,3,1,3,3,2,4.33,1.83,3.17,2.5,0
924,3,3,2,4,1,1,4,2,4,4,5,4,5,2,2,2,3,3,2,2,1,1,2,1,2.33,3.83,2.83,1.5,0
925,5,5,5,5,5,5,4,2,4,4,4,4,4,4,3,3,5,5,1,2,1,2,3,1,5,3.67,4,1.67,1
926,5,5,5,5,5,5,3,2,5,4,5,3,5,5,5,5,5,5,1,1,1,1,2,1,5,3.67,5,1.17,1
927,1,4,3,4,3,1,3,2,2,3,2,1,3,4,5,2,3,3,1,2,2,2,2,2,2.67,2.17,3.33,1.83,0
928,4,5,5,1,4,5,1,3,4,3,5,3,1,4,2,2,3,2,3,2,2,2,2,3,4,3.17,2.33,2.33,0
929,2,4,5,4,4,5,2,2,3,2,2,1,5,5,5,4,2,3,4,5,2,2,1,1,4,2,4,2.5,0
930,3,1,4,2,3,3,5,5,5,4,5,4,3,2,2,4,3,4,2,2,2,1,1,1,2.67,4.67,3,1.5,0
931,2,2,4,1,4,4,3,2,3,2,1,3,2,2,4,5,4,2,3,2,3,3,3,3,2.83,2.33,3.17,2.83,0
932,5,4,5,5,2,5,4,4,4,3,5,1,3,2,2,2,3,2,1,1,1,1,1,1,4.33,3.5,2.33,1,0
